Market Name,Date,Sales,Sales YoY%,Dollar Volume,Dollar Volume YoY%,Average Price,Median Price,Active Listings EOM,Months Inventory
Dallas-Plano-Irving,1/1/2026,3473,-0.0731,1739097136,-0.0771,500747,391000,19328,3.71
Dallas-Plano-Irving,12/1/2025,5324,0.057,2726703914,-0.0035,512153,390000,18690,3.57
Dallas-Plano-Irving,11/1/2025,4220,-0.1103,2115464235,-0.1478,501294,393000,22575,4.33
Dallas-Plano-Irving,10/1/2025,5144,0.0043,2659328325,-0.0237,516976,400000,24686,4.69
Dallas-Plano-Irving,9/1/2025,5233,0.0472,2673243862,0.0349,510843,401439,24959,4.75
Dallas-Plano-Irving,8/1/2025,5558,0.0029,2880288737,-0.0169,518223,405440,25564,4.88
Dallas-Plano-Irving,7/1/2025,5991,0.0654,3262041033,0.0653,544490,420039,26251,5.01
Dallas-Plano-Irving,6/1/2025,6157,0.1213,3396096816,0.1666,551583,420000,25874,4.97
Dallas-Plano-Irving,5/1/2025,6271,-0.0189,3420481484,-0.0461,545444,412545,24925,4.84
Dallas-Plano-Irving,4/1/2025,5554,-0.0336,3041299115,-0.0075,547587,424900,22983,4.45
Dallas-Plano-Irving,3/1/2025,5300,0.007,2827063331,0.0181,533408,419000,20594,3.98
Dallas-Plano-Irving,2/1/2025,4366,-0.0311,2246358660,-0.0027,514511,415000,18898,3.65
Dallas-Plano-Irving,1/1/2025,3747,0.0257,1884398946,0.0448,502908,403000,18189,3.51
Dallas-Plano-Irving,12/1/2024,5037,0.1741,2736178298,0.2459,543215,421000,16726,3.23
Dallas-Plano-Irving,11/1/2024,4743,0.1551,2482375740,0.1891,523376,410000,19421,3.8
Dallas-Plano-Irving,10/1/2024,5122,0.1461,2723786555,0.1797,531781,420000,20471,4.04
Dallas-Plano-Irving,9/1/2024,4997,0.0297,2583092645,0.0239,516928,414990,20295,4.05
Dallas-Plano-Irving,8/1/2024,5542,-0.0188,2929943455,-0.0306,528679,421457,20117,4.03
Dallas-Plano-Irving,7/1/2024,5623,0.0355,3062023864,0.058,544553,425000,19649,3.93
Dallas-Plano-Irving,6/1/2024,5491,-0.1313,2911148833,-0.1499,530167,429000,18815,3.77
Dallas-Plano-Irving,5/1/2024,6392,0.0101,3585716920,0.0656,560969,434920,17385,3.44
Dallas-Plano-Irving,4/1/2024,5747,0.0901,3064180155,0.1131,533179,428000,15745,3.12
Dallas-Plano-Irving,3/1/2024,5263,-0.0807,2776713197,-0.0235,527591,424945,14485,2.89
Dallas-Plano-Irving,2/1/2024,4506,-0.0103,2252498617,0.0076,499888,410000,13247,2.62
Dallas-Plano-Irving,1/1/2024,3653,0.1671,1803631464,0.2068,493739,400000,12527,2.48
Dallas-Plano-Irving,12/1/2023,4290,-0.0498,2196091586,0.0162,511909,410000,12084,2.41
Dallas-Plano-Irving,11/1/2023,4106,-0.0094,2087556954,-0.0016,508416,411490,14201,2.82
Dallas-Plano-Irving,10/1/2023,4469,-0.0304,2308871305,-0.0045,516641,415585,14426,2.87
Dallas-Plano-Irving,9/1/2023,4853,-0.1197,2522697195,-0.0764,519822,419765,13996,2.77
Dallas-Plano-Irving,8/1/2023,5648,-0.0819,3022318915,-0.0426,535113,425000,13626,2.67
Dallas-Plano-Irving,7/1/2023,5430,-0.0542,2894162005,-0.0326,532994,430000,12949,2.52
Dallas-Plano-Irving,6/1/2023,6321,-0.0281,3424626944,-0.0562,541785,440000,12548,2.43
Dallas-Plano-Irving,5/1/2023,6328,-0.0172,3365044504,-0.0703,531770,429980,10960,2.11
Dallas-Plano-Irving,4/1/2023,5272,-0.0923,2752723519,-0.1242,522140,426170,10322,1.99
Dallas-Plano-Irving,3/1/2023,5725,-0.0085,2843671689,-0.0269,496711,415000,10343,1.98
Dallas-Plano-Irving,2/1/2023,4553,0.0222,2235535563,0.052,491002,403499,9736,1.86
Dallas-Plano-Irving,1/1/2023,3130,-0.2425,1494511802,-0.2017,477479,395000,10824,2.07
Dallas-Plano-Irving,12/1/2022,4515,-0.2766,2161112698,-0.2508,478651,400000,11282,2.12
Dallas-Plano-Irving,11/1/2022,4145,-0.286,2090934687,-0.1968,504447,410000,13006,2.38
Dallas-Plano-Irving,10/1/2022,4609,-0.2481,2319263271,-0.1619,503203,420000,13362,2.39
Dallas-Plano-Irving,9/1/2022,5513,-0.1628,2731354404,-0.0784,495438,420000,13218,2.31
Dallas-Plano-Irving,8/1/2022,6152,-0.1018,3156906161,0.0089,513151,429000,12741,2.19
Dallas-Plano-Irving,7/1/2022,5741,-0.1685,2991799690,-0.0657,521128,435000,12945,2.2
Dallas-Plano-Irving,6/1/2022,6504,-0.1029,3628558675,0.0592,557896,455000,11101,1.86
Dallas-Plano-Irving,5/1/2022,6439,-0.0377,3619311617,0.1541,562092,462000,7745,1.28
Dallas-Plano-Irving,4/1/2022,5808,-0.0866,3143082244,0.101,541164,445000,5730,0.95
Dallas-Plano-Irving,3/1/2022,5774,-0.0327,2922287696,0.1266,506111,419999,4550,0.75
Dallas-Plano-Irving,2/1/2022,4454,0.0056,2124946540,0.1375,477087,400000,4086,0.67
Dallas-Plano-Irving,1/1/2022,4132,-0.0328,1872039737,0.1255,453058,380000,4175,0.68
Dallas-Plano-Irving,12/1/2021,6241,-0.0578,2884584880,0.0885,462199,381000,4598,0.75
Dallas-Plano-Irving,11/1/2021,5805,-0.0003,2603297575,0.1385,448457,378000,6068,0.99
Dallas-Plano-Irving,10/1/2021,6130,-0.1002,2767169889,0.0258,451414,379000,7181,1.17
Dallas-Plano-Irving,9/1/2021,6585,-0.0566,2963667667,0.1023,450063,375000,7954,1.28
Dallas-Plano-Irving,8/1/2021,6849,-0.0638,3129212590,0.103,456886,379000,8260,1.32
Dallas-Plano-Irving,7/1/2021,6904,-0.1835,3202165548,-0.0246,463813,381000,8707,1.39
Dallas-Plano-Irving,6/1/2021,7250,-0.0064,3425723138,0.2639,472513,380000,7335,1.14
Dallas-Plano-Irving,5/1/2021,6691,0.3171,3136161103,0.7637,468713,375000,6627,1.03
Dallas-Plano-Irving,4/1/2021,6359,0.3052,2854735008,0.6686,448928,360000,6655,1.06
Dallas-Plano-Irving,3/1/2021,5969,0.0357,2593916857,0.2493,434564,344851,6037,0.98
Dallas-Plano-Irving,2/1/2021,4429,-0.0699,1868021866,0.1312,421770,333917,5845,0.95
Dallas-Plano-Irving,1/1/2021,4272,0.0791,1663361201,0.217,389363,315000,6932,1.12
Dallas-Plano-Irving,12/1/2020,6624,0.1362,2650022872,0.2621,400063,320009,7160,1.17
Dallas-Plano-Irving,11/1/2020,5807,0.2523,2286518365,0.4326,393752,322000,9118,1.5
Dallas-Plano-Irving,10/1/2020,6813,0.2547,2697619288,0.4212,395951,323000,10776,1.8
Dallas-Plano-Irving,9/1/2020,6980,0.264,2688660777,0.4061,385194,320000,11502,1.96
Dallas-Plano-Irving,8/1/2020,7316,0.1112,2837065361,0.2364,387789,323087,12296,2.14
Dallas-Plano-Irving,7/1/2020,8456,0.2399,3282951024,0.3565,388239,320000,13597,2.39
Dallas-Plano-Irving,6/1/2020,7297,0.154,2710489102,0.1536,371452,313215,14256,2.57
Dallas-Plano-Irving,5/1/2020,5080,-0.2795,1778210920,-0.313,350041,299900,15346,2.81
Dallas-Plano-Irving,4/1/2020,4872,-0.1916,1710899466,-0.2105,351169,301000,14735,2.62
Dallas-Plano-Irving,3/1/2020,5763,0.0534,2076299773,0.0863,360281,300000,14127,2.47
Dallas-Plano-Irving,2/1/2020,4762,0.1533,1651346424,0.2108,346775,287500,14679,2.57
Dallas-Plano-Irving,1/1/2020,3959,0.2322,1366765372,0.3557,345229,282295,14447,2.56
Dallas-Plano-Irving,12/1/2019,5830,0.1942,2099624661,0.2438,360141,296665,13711,2.45
Dallas-Plano-Irving,11/1/2019,4637,0.0216,1596079572,0.0004,344205,289000,16550,3
Dallas-Plano-Irving,10/1/2019,5430,0.1048,1898063222,0.1645,349551,289003,18032,3.28
Dallas-Plano-Irving,9/1/2019,5522,0.1302,1912141042,0.1684,346276,288000,18457,3.38
Dallas-Plano-Irving,8/1/2019,6584,0.0385,2294569817,0.0358,348506,295000,18988,3.51
Dallas-Plano-Irving,7/1/2019,6820,0.0825,2420230642,0.0829,354872,300000,19427,3.61
Dallas-Plano-Irving,6/1/2019,6323,-0.0582,2349584920,-0.0494,371593,305514,19523,3.66
Dallas-Plano-Irving,5/1/2019,7051,0.0595,2588248854,0.0839,367075,302000,18764,3.49
Dallas-Plano-Irving,4/1/2019,6027,0.0699,2167139856,0.1252,359571,295000,17705,3.32
Dallas-Plano-Irving,3/1/2019,5471,-0.0288,1911398105,-0.0307,349369,290000,16552,3.12
Dallas-Plano-Irving,2/1/2019,4129,-0.0386,1363796197,-0.06,330296,278908,15639,2.94
Dallas-Plano-Irving,1/1/2019,3213,-0.1141,1008185675,-0.1146,313783,265000,15052,2.82
Dallas-Plano-Irving,12/1/2018,4882,-0.1081,1688006771,-0.1039,345761,286000,14016,2.61
Dallas-Plano-Irving,11/1/2018,4539,-0.1105,1595385313,-0.0695,351483,281900,16490,3.04
Dallas-Plano-Irving,10/1/2018,4915,-0.0287,1629965958,-0.0137,331630,275000,17189,3.15
Dallas-Plano-Irving,9/1/2018,4886,-0.0987,1636598916,-0.053,334956,280000,17157,3.13
Dallas-Plano-Irving,8/1/2018,6340,-0.0335,2215247628,0.0171,349408,289000,17545,3.18
Dallas-Plano-Irving,7/1/2018,6300,0.0207,2234939536,0.0749,354752,295000,17388,3.14
Dallas-Plano-Irving,6/1/2018,6714,-0.0129,2471756868,0.023,368149,300000,17103,3.09
Dallas-Plano-Irving,5/1/2018,6655,0.0176,2387807272,0.0404,358798,295000,15421,2.79
Dallas-Plano-Irving,4/1/2018,5633,0.0353,1925967069,0.0703,341907,286500,14043,2.54
Dallas-Plano-Irving,3/1/2018,5633,-0.0079,1971954867,0.0203,350071,289510,12836,2.33
Dallas-Plano-Irving,2/1/2018,4295,0.0548,1450899210,0.1032,337811,280000,11557,2.1
Dallas-Plano-Irving,1/1/2018,3627,0.0416,1138681112,0.0805,313945,265000,11077,2.02
Dallas-Plano-Irving,12/1/2017,5474,0.0852,1883655475,0.1793,344109,280000,10610,1.93
Dallas-Plano-Irving,11/1/2017,5103,0.077,1714547470,0.1328,335988,277500,13011,2.39
Dallas-Plano-Irving,10/1/2017,5060,0.0282,1652555697,0.0791,326592,275000,14327,2.64
Dallas-Plano-Irving,9/1/2017,5421,-0.0381,1728242711,-0.0225,318805,270646,14775,2.73
Dallas-Plano-Irving,8/1/2017,6560,0.029,2177948397,0.0941,332004,279000,14897,2.75
Dallas-Plano-Irving,7/1/2017,6172,0.055,2079220528,0.1513,336879,281000,14909,2.76
Dallas-Plano-Irving,6/1/2017,6802,0.0725,2416241942,0.1682,355225,291000,14507,2.7
Dallas-Plano-Irving,5/1/2017,6540,0.0815,2295127691,0.1772,350936,290000,13095,2.45
Dallas-Plano-Irving,4/1/2017,5441,-0.0118,1799548270,0.0582,330738,280000,12046,2.27
Dallas-Plano-Irving,3/1/2017,5678,0.053,1932746746,0.1793,340392,275425,11736,2.21
Dallas-Plano-Irving,2/1/2017,4072,-0.0162,1315179201,0.1219,322981,268000,10416,1.97
Dallas-Plano-Irving,1/1/2017,3482,0.0326,1053855378,0.1475,302658,250000,9919,1.88
Dallas-Plano-Irving,12/1/2016,5044,-0.037,1597319034,0.0289,316677,260000,9290,1.76
Dallas-Plano-Irving,11/1/2016,4738,0.2007,1513556055,0.343,319450,260000,11113,2.1
Dallas-Plano-Irving,10/1/2016,4921,0.0086,1531399652,0.1101,311196,254000,12025,2.3
Dallas-Plano-Irving,9/1/2016,5636,0.0381,1768074888,0.1633,313710,252000,12442,2.38
Dallas-Plano-Irving,8/1/2016,6375,0.0434,1990539176,0.1361,312241,257000,12513,2.4
Dallas-Plano-Irving,7/1/2016,5850,-0.0981,1806028228,-0.048,308722,259900,12957,2.5
Dallas-Plano-Irving,6/1/2016,6342,-0.0084,2068399420,0.0546,326143,269900,12225,2.33
Dallas-Plano-Irving,5/1/2016,6047,0.0533,1949720127,0.1092,322427,265000,11317,2.16
Dallas-Plano-Irving,4/1/2016,5506,0.0714,1700575067,0.1127,308858,250692,11091,2.12
Dallas-Plano-Irving,3/1/2016,5392,0.1166,1638858515,0.1779,303942,247500,10562,2.04
Dallas-Plano-Irving,2/1/2016,4139,0.1315,1172311753,0.1443,283235,234000,9981,1.94
Dallas-Plano-Irving,1/1/2016,3372,0.1384,918355069,0.2015,272347,224000,9664,1.89
Dallas-Plano-Irving,12/1/2015,5238,0.1424,1552450057,0.198,296382,239000,9018,1.78
Dallas-Plano-Irving,11/1/2015,3946,0.0371,1126985886,0.1082,285602,230000,10927,2.18
Dallas-Plano-Irving,10/1/2015,4879,-0.0043,1379456350,0.0526,282733,229500,11867,2.37
Dallas-Plano-Irving,9/1/2015,5429,0.0913,1519826830,0.1506,279945,225000,12332,2.46
Dallas-Plano-Irving,8/1/2015,6110,0.0551,1752027898,0.1399,286747,233000,12081,2.43
Dallas-Plano-Irving,7/1/2015,6486,0.0691,1897051655,0.1289,292484,235000,12899,2.61
Dallas-Plano-Irving,6/1/2015,6396,0.0397,1961396344,0.158,306659,246000,11542,2.35
Dallas-Plano-Irving,5/1/2015,5741,0.0002,1757777667,0.0941,306179,245500,10728,2.2
Dallas-Plano-Irving,4/1/2015,5139,0.0336,1528313658,0.1224,297395,235000,10300,2.11
Dallas-Plano-Irving,3/1/2015,4829,0.0541,1391389595,0.1453,288132,230000,9330,1.92
Dallas-Plano-Irving,2/1/2015,3658,0.003,1024445308,0.0748,280056,219000,9226,1.9
Dallas-Plano-Irving,1/1/2015,2962,-0.0208,764353820,0.0853,258053,205050,9408,1.94
Dallas-Plano-Irving,12/1/2014,4585,0.1197,1295851648,0.2267,282628,222250,9801,2.02
Dallas-Plano-Irving,11/1/2014,3805,-0.0122,1016979070,0.062,267274,208500,10891,2.26
Dallas-Plano-Irving,10/1/2014,4900,0.1039,1310507199,0.2013,267450,203950,11867,2.46
Dallas-Plano-Irving,9/1/2014,4975,0.0498,1320951950,0.1361,265517,209000,12285,2.57
Dallas-Plano-Irving,8/1/2014,5791,-0.0387,1536964153,-0.0115,265405,214000,12924,2.72
Dallas-Plano-Irving,7/1/2014,6067,-0.008,1680484472,0.0681,276987,220000,13131,2.75
Dallas-Plano-Irving,6/1/2014,6152,0.0561,1693735164,0.0737,275314,221000,12682,2.65
Dallas-Plano-Irving,5/1/2014,5740,-0.0401,1606539614,0.0229,279884,215000,12662,2.66
Dallas-Plano-Irving,4/1/2014,4972,-0.0776,1361679007,-0.0388,273869,208000,11736,2.46
Dallas-Plano-Irving,3/1/2014,4581,-0.0653,1214848727,0.0181,265192,202250,11215,2.33
Dallas-Plano-Irving,2/1/2014,3647,0.0673,953106909,0.2739,261339,199000,11245,2.33
Dallas-Plano-Irving,1/1/2014,3025,-0.0175,704252937,0.0916,232810,182000,11163,2.32
Dallas-Plano-Irving,12/1/2013,4095,0.1044,1056349134,0.2105,257960,197500,11129,2.31
Dallas-Plano-Irving,11/1/2013,3852,0.0299,957634931,0.1379,248607,189000,12373,2.58
Dallas-Plano-Irving,10/1/2013,4439,0.099,1090865454,0.2526,245745,191200,13168,2.75
Dallas-Plano-Irving,9/1/2013,4739,0.1934,1162696714,0.2894,245346,192000,13506,2.85
Dallas-Plano-Irving,8/1/2013,6024,0.187,1554846495,0.3473,258108,200000,14015,2.99
Dallas-Plano-Irving,7/1/2013,6116,0.2927,1573315660,0.4171,257245,202000,14003,3.04
Dallas-Plano-Irving,6/1/2013,5825,0.1576,1577500296,0.3193,270815,205000,13660,3.04
Dallas-Plano-Irving,5/1/2013,5980,0.2312,1570539750,0.3412,262632,201500,13173,2.98
Dallas-Plano-Irving,4/1/2013,5390,0.3,1416654692,0.4582,262830,195000,12874,2.97
Dallas-Plano-Irving,3/1/2013,4901,0.2458,1193203363,0.3503,243461,184900,12688,3
Dallas-Plano-Irving,2/1/2013,3417,0.1544,748160255,0.1975,218952,170000,12674,3.06
Dallas-Plano-Irving,1/1/2013,3079,0.2598,645164497,0.2961,209537,165000,12849,3.13
Dallas-Plano-Irving,12/1/2012,3708,0.1298,872657021,0.2128,235344,180000,12854,3.17
Dallas-Plano-Irving,11/1/2012,3740,0.2262,841549802,0.3923,225013,171750,14310,3.56
Dallas-Plano-Irving,10/1/2012,4039,0.297,870854346,0.323,215611,168500,15304,3.86
Dallas-Plano-Irving,9/1/2012,3971,0.1527,901769143,0.2881,227088,175000,16190,4.17
Dallas-Plano-Irving,8/1/2012,5075,0.18,1154067953,0.2084,227402,176000,16764,4.37
Dallas-Plano-Irving,7/1/2012,4731,0.2178,1110231192,0.2841,234671,178000,17511,4.64
Dallas-Plano-Irving,6/1/2012,5032,0.1367,1195696182,0.1939,237618,180000,17778,4.8
Dallas-Plano-Irving,5/1/2012,4857,0.2309,1171002694,0.306,241095,178912,17871,4.89
Dallas-Plano-Irving,4/1/2012,4146,0.1387,971477442,0.1859,234316,170000,17896,5
Dallas-Plano-Irving,3/1/2012,3934,0.1327,883652157,0.1705,224619,168000,17712,5.01
Dallas-Plano-Irving,2/1/2012,2960,0.2333,624773547,0.1862,211072,160000,17421,4.98
Dallas-Plano-Irving,1/1/2012,2444,0.1534,497773906,0.1485,203671,154000,17001,4.93
Dallas-Plano-Irving,12/1/2011,3282,0.0466,719535781,-0.0265,219236,162000,16960,4.95
Dallas-Plano-Irving,11/1/2011,3050,0.123,604448246,0.0013,198179,150000,18939,5.56
Dallas-Plano-Irving,10/1/2011,3114,0.0745,658242187,0.0963,211381,157000,20053,5.93
Dallas-Plano-Irving,9/1/2011,3445,0.1243,700081424,0.0865,203216,159000,20921,6.23
Dallas-Plano-Irving,8/1/2011,4301,0.2717,955027732,0.308,222047,165000,21887,6.59
Dallas-Plano-Irving,7/1/2011,3885,0.1852,864616907,0.1137,222552,167500,23329,7.2
Dallas-Plano-Irving,6/1/2011,4427,-0.0257,1001482814,-0.0446,226221,167000,23967,7.52
Dallas-Plano-Irving,5/1/2011,3946,-0.1717,896626412,-0.118,227224,166000,24232,7.59
Dallas-Plano-Irving,4/1/2011,3641,-0.2197,819223520,-0.1792,224999,160000,24227,7.43
Dallas-Plano-Irving,3/1/2011,3473,-0.1245,754925853,-0.075,217369,155000,23601,7.06
Dallas-Plano-Irving,2/1/2011,2400,-0.1098,526718360,-0.0319,219465,159000,22980,6.8
Dallas-Plano-Irving,1/1/2011,2119,-0.013,433414194,0.0437,204537,150000,22599,6.64
Dallas-Plano-Irving,12/1/2010,3136,-0.0549,739120662,0.0767,235689,163357,22576,6.57
Dallas-Plano-Irving,11/1/2010,2716,-0.2599,603671051,-0.1785,222265,156203,24213,7.01
Dallas-Plano-Irving,10/1/2010,2898,-0.2814,600421295,-0.2483,207185,155386,25599,7.25
Dallas-Plano-Irving,9/1/2010,3064,-0.2231,644366110,-0.1983,210302,156510,26607,7.33
Dallas-Plano-Irving,8/1/2010,3382,-0.1711,730120598,-0.1553,215884,166423,27177,7.34
Dallas-Plano-Irving,7/1/2010,3278,-0.309,776348067,-0.2205,236836,169387,27513,7.32
Dallas-Plano-Irving,6/1/2010,4544,-0.0074,1048233547,0.0548,230685,168262,26654,6.87
Dallas-Plano-Irving,5/1/2010,4764,0.186,1016603659,0.2035,213393,163357,25586,6.59
Dallas-Plano-Irving,4/1/2010,4666,0.2954,998031330,0.419,213894,161518,24261,6.35
Dallas-Plano-Irving,3/1/2010,3967,0.1216,816178481,0.1873,205742,158145,24099,6.46
Dallas-Plano-Irving,2/1/2010,2696,-0.0742,544083922,-0.0296,201812,150992,23007,6.22
Dallas-Plano-Irving,1/1/2010,2147,-0.0608,415249177,0.0049,193409,141794,21879,5.89
Dallas-Plano-Irving,12/1/2009,3318,0.0353,686461133,0.0429,206890,150992,20355,5.46
Dallas-Plano-Irving,11/1/2009,3670,0.3443,734842315,0.3289,200230,152422,21616,5.81
Dallas-Plano-Irving,10/1/2009,4033,0.1187,798698452,0.0445,198041,153955,22177,6.09
Dallas-Plano-Irving,9/1/2009,3944,-0.0558,803723888,-0.0727,203784,157021,23003,6.38
Dallas-Plano-Irving,8/1/2009,4080,-0.1464,864349539,-0.1775,211850,161007,23810,6.57
Dallas-Plano-Irving,7/1/2009,4744,-0.0497,995912482,-0.1107,209931,164890,24357,6.62
Dallas-Plano-Irving,6/1/2009,4578,-0.0915,993778865,-0.1141,217077,168160,24648,6.66
Dallas-Plano-Irving,5/1/2009,4017,-0.2055,844705193,-0.2542,210283,165810,26802,7.17
Dallas-Plano-Irving,4/1/2009,3602,-0.2234,703323993,-0.3112,195259,150276,26678,6.97
Dallas-Plano-Irving,3/1/2009,3537,-0.193,687407501,-0.2808,194348,149050,26255,6.71
Dallas-Plano-Irving,2/1/2009,2912,-0.2268,560677743,-0.2674,192540,148335,25577,6.42
Dallas-Plano-Irving,1/1/2009,2286,-0.2703,413212518,-0.34,180758,139239,25035,6.17
Dallas-Plano-Irving,12/1/2008,3205,-0.1331,658192636,-0.1849,205364,148743,24333,5.9
Dallas-Plano-Irving,11/1/2008,2730,-0.3197,552985316,-0.3722,202559,145064,26498,6.36
Dallas-Plano-Irving,10/1/2008,3605,-0.1569,764689772,-0.1453,212119,155590,26471,6.19
Dallas-Plano-Irving,9/1/2008,4177,0.058,866707020,0.0359,207495,151298,27283,6.3
Dallas-Plano-Irving,8/1/2008,4780,-0.1876,1050906457,-0.2169,219855,160700,28194,6.54
Dallas-Plano-Irving,7/1/2008,4992,-0.1623,1119847706,-0.1513,224328,164992,29497,6.7
Dallas-Plano-Irving,6/1/2008,5039,-0.1657,1121717648,-0.2099,222607,165912,30096,6.71
Dallas-Plano-Irving,5/1/2008,5056,-0.1482,1132579542,-0.1671,224007,163561,30099,6.59
Dallas-Plano-Irving,4/1/2008,4638,-0.0934,1021117986,-0.1169,220163,158963,30216,6.51
Dallas-Plano-Irving,3/1/2008,4383,-0.2141,955829348,-0.2209,218077,161007,29870,6.38
Dallas-Plano-Irving,2/1/2008,3766,-0.0888,765296194,-0.1031,203212,148539,28982,6.06
Dallas-Plano-Irving,1/1/2008,3133,-0.1115,626107857,-0.1362,199843,147210,28716,5.97
Dallas-Plano-Irving,12/1/2007,3697,-0.1974,807483870,-0.1788,218416,154977,27474,5.67
Dallas-Plano-Irving,11/1/2007,4013,-0.0992,880785301,-0.0536,219483,156714,30284,6.16
Dallas-Plano-Irving,10/1/2007,4276,-0.1275,894720551,-0.1072,209242,154773,31736,6.41
Dallas-Plano-Irving,9/1/2007,3948,-0.1963,836663783,-0.1398,211921,158861,32534,6.5
Dallas-Plano-Irving,8/1/2007,5884,-0.0462,1341955655,0.0152,228069,167240,32536,6.4
Dallas-Plano-Irving,7/1/2007,5959,0.0276,1319409038,0.0381,221415,165197,32996,6.46
Dallas-Plano-Irving,6/1/2007,6040,-0.1286,1419644605,-0.0736,235040,170715,33212,6.52
Dallas-Plano-Irving,5/1/2007,5936,-0.0499,1359845834,-0.0276,229085,164481,32876,6.36
Dallas-Plano-Irving,4/1/2007,5116,-0.0144,1156351471,0.0798,226026,165605,32388,6.23
Dallas-Plano-Irving,3/1/2007,5577,-0.0255,1226911813,0.0315,219995,159576,30914,5.94
Dallas-Plano-Irving,2/1/2007,4133,-0.0164,853294832,-0.0003,206459,154773,28836,5.53
Dallas-Plano-Irving,1/1/2007,3526,0.0478,724791421,0.0735,205556,150481,28076,5.38
Dallas-Plano-Irving,12/1/2006,4606,0.0473,983256390,0.0411,213473,157634,27141,5.21
Dallas-Plano-Irving,11/1/2006,4455,0.0365,930661799,0.0301,208903,156203,28757,5.54
Dallas-Plano-Irving,10/1/2006,4901,0.072,1002117923,0.0713,204472,153546,29921,5.78
Dallas-Plano-Irving,9/1/2006,4912,-0.0053,972619822,-0.0295,198009,151400,30656,5.95
Dallas-Plano-Irving,8/1/2006,6169,0.0554,1321830404,0.0841,214270,159678,30401,5.9
Dallas-Plano-Irving,7/1/2006,5799,0.0253,1271037503,0.0776,219182,165503,30810,6.01
Dallas-Plano-Irving,6/1/2006,6931,0.1097,1532413603,0.1434,221096,164890,29966,5.86
Dallas-Plano-Irving,5/1/2006,6248,0.1292,1398504577,0.2382,223832,166014,29451,5.82
Dallas-Plano-Irving,4/1/2006,5191,0.0131,1070932066,0.0321,206306,156101,28853,5.77
Dallas-Plano-Irving,3/1/2006,5723,0.0964,1189464076,0.114,207839,156203,27545,5.52
Dallas-Plano-Irving,2/1/2006,4202,0.1468,853584873,0.1792,203138,155386,26578,5.37
Dallas-Plano-Irving,1/1/2006,3365,0.1595,675193300,0.2445,200652,150787,26053,5.31
Dallas-Plano-Irving,12/1/2005,4398,0.0055,944467214,0.0938,214749,158452,24743,5.08
Dallas-Plano-Irving,11/1/2005,4298,0.1049,903441861,0.2084,210201,159882,26286,5.4
Dallas-Plano-Irving,10/1/2005,4572,0.1236,935405018,0.1748,204594,156408,26912,5.57
Dallas-Plano-Irving,9/1/2005,4938,0.1409,1002232468,0.2113,202963,155795,27355,5.71
Dallas-Plano-Irving,8/1/2005,5845,0.1488,1219321730,0.1837,208609,159372,28087,5.93
Dallas-Plano-Irving,7/1/2005,5656,0.0751,1179560246,0.107,208550,161211,28821,6.17
Dallas-Plano-Irving,6/1/2005,6246,0.1625,1340199825,0.1911,214569,160291,28596,6.16
Dallas-Plano-Irving,5/1/2005,5533,0.1104,1129455824,0.1421,204131,155693,28526,6.24
Dallas-Plano-Irving,4/1/2005,5124,0.05,1037598084,0.0588,202498,153240,28478,6.3
Dallas-Plano-Irving,3/1/2005,5220,0.1073,1067739193,0.1625,204548,152933,27515,6.11
Dallas-Plano-Irving,2/1/2005,3664,0.1053,723876544,0.1331,197565,148743,26601,5.96
Dallas-Plano-Irving,1/1/2005,2902,0.0244,542549413,0.0433,186957,141181,25718,5.8
Dallas-Plano-Irving,12/1/2004,4374,0.1379,863466262,0.149,197409,149254,24124,5.45
Dallas-Plano-Irving,11/1/2004,3890,0.24,747644881,0.2268,192197,150072,25955,5.92
Dallas-Plano-Irving,10/1/2004,4069,0.0107,796219188,0.038,195679,150072,27223,6.3
Dallas-Plano-Irving,9/1/2004,4328,0.0411,827415692,0.0174,191177,147415,27883,6.46
Dallas-Plano-Irving,8/1/2004,5088,0.0445,1030133543,0.0859,202463,153649,28414,6.61
Dallas-Plano-Irving,7/1/2004,5261,0.0605,1065589100,0.0855,202545,155795,28624,6.68
Dallas-Plano-Irving,6/1/2004,5373,0.1359,1125185226,0.2313,209415,160700,28515,6.7
Dallas-Plano-Irving,5/1/2004,4983,0.0973,988920062,0.1264,198459,150787,28294,6.73
Dallas-Plano-Irving,4/1/2004,4880,0.2289,979971246,0.3117,200814,150072,27766,6.66
Dallas-Plano-Irving,3/1/2004,4714,0.1381,918524698,0.1917,194850,147721,26667,6.52
Dallas-Plano-Irving,2/1/2004,3315,0.1404,638859742,0.1747,192718,147824,25730,6.36
Dallas-Plano-Irving,1/1/2004,2833,0.0412,520024519,0.0573,183560,139852,25274,6.3
Dallas-Plano-Irving,12/1/2003,3844,0.0613,751482203,0.0861,195495,148335,23972,5.99
Dallas-Plano-Irving,11/1/2003,3137,-0.056,609426418,0.0045,194270,145575,24999,6.28
Dallas-Plano-Irving,10/1/2003,4026,0.1271,767038006,0.1769,190521,144656,25632,6.41
Dallas-Plano-Irving,9/1/2003,4157,0.1487,813256151,0.2534,195635,149459,26226,6.62
Dallas-Plano-Irving,8/1/2003,4871,0.1399,948670862,0.1791,194759,154568,26462,6.76
Dallas-Plano-Irving,7/1/2003,4961,0.1199,981701186,0.1566,197884,154671,27135,7.02
Dallas-Plano-Irving,6/1/2003,4730,0.0985,913816163,0.127,193196,155284,27028,7.07
Dallas-Plano-Irving,5/1/2003,4541,-0.0247,877921156,-0.0331,193332,151809,26732,7.06
Dallas-Plano-Irving,4/1/2003,3971,-0.0265,747100266,-0.0184,188139,147926,26162,6.89
Dallas-Plano-Irving,3/1/2003,4142,0.0566,770785887,0.0612,186090,147210,25368,6.67
Dallas-Plano-Irving,2/1/2003,2907,-0.1392,543866253,-0.1136,187088,146699,24434,6.45
Dallas-Plano-Irving,1/1/2003,2721,-0.0244,491861416,-0.0153,180765,142918,23661,6.19
Dallas-Plano-Irving,12/1/2002,3622,0.0625,691897234,0.1143,191026,149254,21715,5.67
Dallas-Plano-Irving,11/1/2002,3323,0.0125,606687134,0.0518,182572,144451,22865,6
Dallas-Plano-Irving,10/1/2002,3572,0.0631,651724125,0.1629,182454,144758,23532,6.18
Dallas-Plano-Irving,9/1/2002,3619,0.046,648831839,0.0349,179285,143838,23628,6.23
Dallas-Plano-Irving,8/1/2002,4273,-0.0477,804550731,-0.0343,188287,146597,23155,6.13
Dallas-Plano-Irving,7/1/2002,4430,-0.0426,848746008,-0.0125,191591,146188,23277,6.13
Dallas-Plano-Irving,6/1/2002,4306,-0.1297,810864548,-0.133,188310,149561,22187,5.82
Dallas-Plano-Irving,5/1/2002,4656,0.0319,908006547,0.0998,195019,146699,21316,5.51
Dallas-Plano-Irving,4/1/2002,4079,0.0516,761075481,0.0935,186584,145984,20330,5.27
Dallas-Plano-Irving,3/1/2002,3920,-0.0656,726347744,-0.0458,185293,146291,19587,5.1
Dallas-Plano-Irving,2/1/2002,3377,0.0646,613601418,0.0683,181700,144758,19165,4.96
Dallas-Plano-Irving,1/1/2002,2789,0.1264,499510104,0.1806,179100,141692,18506,4.82
Dallas-Plano-Irving,12/1/2001,3409,0.1288,620898353,0.127,182135,143634,17607,4.61
Dallas-Plano-Irving,11/1/2001,3282,-0.0129,576828433,-0.015,175755,143327,18766,4.96
Dallas-Plano-Irving,10/1/2001,3360,-0.0433,560410501,-0.0995,166789,136889,19642,5.18
Dallas-Plano-Irving,9/1/2001,3460,-0.0297,626921771,-0.0195,181191,145575,19245,5.06
Dallas-Plano-Irving,8/1/2001,4487,0.053,833114646,0.0897,185673,142407,18839,4.94
Dallas-Plano-Irving,7/1/2001,4627,0.1075,859474616,0.1306,185752,145371,18986,5.01
Dallas-Plano-Irving,6/1/2001,4948,0.0689,935286601,0.1113,189023,147415,18629,4.96
Dallas-Plano-Irving,5/1/2001,4512,0.0176,825609838,0.0607,182981,142714,18091,4.85
Dallas-Plano-Irving,4/1/2001,3879,-0.0026,696026048,0.0478,179434,141794,17359,4.67
Dallas-Plano-Irving,3/1/2001,4195,0.0143,761194498,0.0917,181453,143429,16391,4.4
Dallas-Plano-Irving,2/1/2001,3172,0.0016,574347961,0.0391,181068,140261,15751,4.24
Dallas-Plano-Irving,1/1/2001,2476,0.1093,423104085,0.1336,170882,131064,15295,4.12
Dallas-Plano-Irving,12/1/2000,3020,-0.0767,550920172,0.0328,182424,139648,14164,3.83
Dallas-Plano-Irving,11/1/2000,3325,0.0562,585608368,0.135,176123,134027,14930,4.02
Dallas-Plano-Irving,10/1/2000,3512,0.1142,622326591,0.2365,177200,135458,15559,4.2
Dallas-Plano-Irving,9/1/2000,3566,-0.0053,639371230,0.1665,179296,136889,15465,4.21
Dallas-Plano-Irving,8/1/2000,4261,0.0584,764548212,0.2279,179429,135356,14977,4.08
Dallas-Plano-Irving,7/1/2000,4178,-0.0041,760204809,0.1467,181954,140568,15068,4.12
Dallas-Plano-Irving,6/1/2000,4629,0.0216,841625357,0.0792,181816,139750,14783,4.04
Dallas-Plano-Irving,5/1/2000,4434,0.1074,778386590,0.209,175550,138013,14423,3.95
Dallas-Plano-Irving,4/1/2000,3889,0.0528,664243465,0.1532,170801,132801,14159,3.92
Dallas-Plano-Irving,3/1/2000,4136,0.116,697262299,0.1931,168584,129224,14156,3.94
Dallas-Plano-Irving,2/1/2000,3167,0.1567,552730228,0.3104,174528,128407,13882,3.9
Dallas-Plano-Irving,1/1/2000,2232,0.0659,373249584,0.1298,167227,125034,13707,3.89
Dallas-Plano-Irving,12/1/1999,3271,0.0714,533444261,0.1545,163083,124523,13169,3.75
Dallas-Plano-Irving,11/1/1999,3148,0.1299,515975948,0.2722,163906,121355,13759,3.94
Dallas-Plano-Irving,10/1/1999,3152,0.0099,503291847,0.0686,159674,119516,14585,4.21
Dallas-Plano-Irving,9/1/1999,3585,0.2034,548121108,0.2476,152893,117268,14800,4.28
Dallas-Plano-Irving,8/1/1999,4026,0.0866,622655249,0.099,154659,122377,14981,4.39
Dallas-Plano-Irving,7/1/1999,4195,0.0148,662956818,0.0266,158035,122786,15264,4.51
Dallas-Plano-Irving,6/1/1999,4531,0.0788,779893517,0.181,172124,128611,15190,4.5
Dallas-Plano-Irving,5/1/1999,4004,0.0663,643837617,0.072,160799,124319,14732,4.4
Dallas-Plano-Irving,4/1/1999,3694,0.0649,576011920,0.1362,155932,120027,14277,4.29
Dallas-Plano-Irving,3/1/1999,3706,0.1083,584392083,0.2001,157688,121355,13647,4.12
Dallas-Plano-Irving,2/1/1999,2738,0.093,421811773,0.1625,154058,119925,13389,4.08
Dallas-Plano-Irving,1/1/1999,2094,0.0195,330372544,0.1645,157771,116348,11898,3.65
Dallas-Plano-Irving,12/1/1998,3053,0.1098,462056542,0.1442,151345,118290,10817,3.32
Dallas-Plano-Irving,11/1/1998,2786,0.1745,405569088,0.2246,145574,114815,9735,3.01
Dallas-Plano-Irving,10/1/1998,3121,0.0619,470988069,0.1258,150909,113997,10244,3.2
Dallas-Plano-Irving,9/1/1998,2979,0.0337,439342813,0.0932,147480,115530,13575,4.26
Dallas-Plano-Irving,8/1/1998,3705,0.156,566564368,0.2228,152919,117779,13648,4.3
Dallas-Plano-Irving,7/1/1998,4134,0.1808,645805679,0.2975,156218,120333,13371,4.27
Dallas-Plano-Irving,6/1/1998,4200,0.3137,660357913,0.439,157228,121355,13391,4.35
Dallas-Plano-Irving,5/1/1998,3755,0.1902,600591902,0.32,159945,121866,13268,4.43
Dallas-Plano-Irving,4/1/1998,3469,0.2768,506984814,0.3088,146147,113691,12989,4.41
Dallas-Plano-Irving,3/1/1998,3344,0.2991,486953736,0.3647,145620,113282,12834,4.45
Dallas-Plano-Irving,2/1/1998,2505,0.2049,362838352,0.3327,144846,111034,12599,4.47
Dallas-Plano-Irving,1/1/1998,2054,0.2502,283707727,0.3212,138125,108581,12554,4.51
Dallas-Plano-Irving,12/1/1997,2751,0.2825,403837897,0.4323,146797,114304,12250,4.45
Dallas-Plano-Irving,11/1/1997,2372,0.1152,331196564,0.1852,139628,107150,13089,4.85
Dallas-Plano-Irving,10/1/1997,2939,0.3091,418343236,0.3896,142342,108888,13735,5.12
Dallas-Plano-Irving,9/1/1997,2882,0.2248,401869859,0.2915,139441,109399,14428,5.5
Dallas-Plano-Irving,8/1/1997,3205,0.0999,463334708,0.164,144566,109296,14856,5.76
Dallas-Plano-Irving,7/1/1997,3501,0.1562,497732716,0.1687,142169,110932,15297,5.99
Dallas-Plano-Irving,6/1/1997,3197,0.1289,458916365,0.1683,143546,109092,15512,6.17
Dallas-Plano-Irving,5/1/1997,3155,0.0496,455009727,0.0945,144219,108377,15343,6.18
Dallas-Plano-Irving,4/1/1997,2717,-0.0073,387352530,0.0857,142566,105515,15101,6.11
Dallas-Plano-Irving,3/1/1997,2574,0.0515,356819024,0.1354,138624,104391,14724,5.95
Dallas-Plano-Irving,2/1/1997,2079,0.0634,272265074,0.118,130960,99281,13987,5.68
Dallas-Plano-Irving,1/1/1997,1643,0.0732,214742816,0.0825,130702,95909,14325,5.84
Dallas-Plano-Irving,12/1/1996,2145,0.0763,281944430,0.1202,131443,101121,13392,5.48
Dallas-Plano-Irving,11/1/1996,2127,0.0764,279445203,0.1145,131380,101836,15213,6.26
Dallas-Plano-Irving,10/1/1996,2245,0.027,301043673,0.1062,134095,102347,15355,6.35
Dallas-Plano-Irving,9/1/1996,2353,0.059,311168234,0.1171,132243,100406,15573,6.45
Dallas-Plano-Irving,8/1/1996,2914,0.009,398039745,0.0863,136596,101325,15709,6.54
Dallas-Plano-Irving,7/1/1996,3028,0.1705,425872425,0.2619,140645,104289,16124,6.72
Dallas-Plano-Irving,6/1/1996,2832,0.0313,392796858,0.1351,138699,105413,16640,7.04
Dallas-Plano-Irving,5/1/1996,3006,0.2175,415705038,0.3306,138292,104289,15762,6.69
Dallas-Plano-Irving,4/1/1996,2737,1.1568,356783764,1.2801,130356,99997,16288,7.05
Dallas-Plano-Irving,3/1/1996,2448,0.5018,314268188,0.5107,128378,101019,15970,7.29
Dallas-Plano-Irving,2/1/1996,1955,0.5946,243527615,0.6078,124567,97135,15425,7.27
Dallas-Plano-Irving,1/1/1996,1531,0.4807,198377087,0.5147,129574,96216,14929,7.25
Dallas-Plano-Irving,12/1/1995,1993,0.3821,251685003,0.4049,126284,95398,13412,6.64
Dallas-Plano-Irving,11/1/1995,1976,0.2898,250732716,0.3623,126889,95807,15020,7.61
Dallas-Plano-Irving,10/1/1995,2186,0.2935,272144657,0.3453,124494,93456,15108,7.8
Dallas-Plano-Irving,9/1/1995,2222,0.1972,278546409,0.3067,125358,95194,15205,8.03
Dallas-Plano-Irving,8/1/1995,2888,0.2881,366417839,0.2916,126876,97749,15664,8.4
Dallas-Plano-Irving,7/1/1995,2587,0.1748,337487038,0.2229,130455,101121,15878,8.77
Dallas-Plano-Irving,6/1/1995,2746,0.2183,346048157,0.2653,126019,98770,16107,9.06
Dallas-Plano-Irving,5/1/1995,2469,0.0782,312424189,0.0969,126539,91923,16578,9.54
Dallas-Plano-Irving,4/1/1995,1269,-0.4219,156474606,-0.4514,123305,92026,16158,9.38
Dallas-Plano-Irving,3/1/1995,1630,-0.2509,208029691,-0.2515,127626,88653,15510,8.62
Dallas-Plano-Irving,2/1/1995,1226,-0.081,151461669,-0.0258,123541,90799,14918,8.09
Dallas-Plano-Irving,1/1/1995,1034,-0.1147,130966711,-0.0804,126660,86303,14353,7.74
Dallas-Plano-Irving,12/1/1994,1442,-0.1533,179149063,-0.1179,124237,93865,13323,7.14
Dallas-Plano-Irving,11/1/1994,1532,-0.0837,184048383,-0.1056,120136,88142,11647,6.17
Dallas-Plano-Irving,10/1/1994,1690,-0.0035,202292027,-0.0585,119699,90186,12048,6.35
Dallas-Plano-Irving,9/1/1994,1856,0.0209,213160455,-0.052,114849,89777,12221,6.44
Dallas-Plano-Irving,8/1/1994,2242,0.0931,283702540,0.1415,126540,94683,12571,6.63
Dallas-Plano-Irving,7/1/1994,2202,0.0581,275971276,-0.0056,125328,93661,12834,6.83
Dallas-Plano-Irving,6/1/1994,2254,0.0273,273499194,-0.055,121339,93048,12885,6.89
Dallas-Plano-Irving,5/1/1994,2290,0.2181,284827446,0.2604,124379,94989,12885,6.91
Dallas-Plano-Irving,4/1/1994,2195,0.3073,285228720,0.3282,129945,94172,12883,7.04
Dallas-Plano-Irving,3/1/1994,2176,0.3244,277933918,0.4835,127727,93967,12620,7.06
Dallas-Plano-Irving,2/1/1994,1334,0.1315,155478282,0.1374,116550,93150,12452,7.14
Dallas-Plano-Irving,1/1/1994,1168,0.0676,142410355,0.1629,121927,88551,14507,8.38
Dallas-Plano-Irving,12/1/1993,1703,0.0882,203093937,0.1022,119257,92332,13499,7.83
Dallas-Plano-Irving,11/1/1993,1672,0.1199,205784226,0.2375,123077,92537,14758,8.62
Dallas-Plano-Irving,10/1/1993,1696,0.031,214854854,0.1079,126683,93456,15450,9.1
Dallas-Plano-Irving,9/1/1993,1818,0.1521,224841097,0.2441,123675,91208,15871,9.37
Dallas-Plano-Irving,8/1/1993,2051,0.2107,248540115,0.2372,121180,92128,16464,9.84
Dallas-Plano-Irving,7/1/1993,2081,0.1422,277527206,0.2905,133362,95602,17092,10.4
Dallas-Plano-Irving,6/1/1993,2194,0.1615,289403482,0.2881,131907,95500,17390,10.72
Dallas-Plano-Irving,5/1/1993,1880,0.0664,225975483,-0.0062,120200,92741,17494,10.96
Dallas-Plano-Irving,4/1/1993,1679,-0.0562,214742237,-0.0427,127899,90697,17313,10.91
Dallas-Plano-Irving,3/1/1993,1643,-0.0675,187347804,-0.0765,114028,88347,16693,10.46
Dallas-Plano-Irving,2/1/1993,1179,-0.0109,136691872,-0.0001,115939,84872,16047,10
Dallas-Plano-Irving,1/1/1993,1094,0.1738,122466454,0.0953,111944,85996,15051,9.37
Dallas-Plano-Irving,12/1/1992,1565,0.4189,184263852,0.3868,117740,88244,14368,9.02
Dallas-Plano-Irving,11/1/1992,1493,0.3074,166290593,0.2355,111380,88142,16155,10.39
Dallas-Plano-Irving,10/1/1992,1645,0.3223,193935384,0.4068,117894,86405,16975,11.13
Dallas-Plano-Irving,9/1/1992,1578,0.1312,180728829,0.0841,114530,86609,17604,11.8
Dallas-Plano-Irving,8/1/1992,1694,-0.0006,200890817,0.0484,118590,92434,18002,12.19
Dallas-Plano-Irving,7/1/1992,1822,0.1963,215057541,0.1236,118034,89880,18328,12.41
Dallas-Plano-Irving,6/1/1992,1889,0.0448,224673537,0.0721,118938,88040,18408,12.68
Dallas-Plano-Irving,5/1/1992,1763,0.0286,227380692,0.0417,128974,88551,18498,12.8
Dallas-Plano-Irving,4/1/1992,1779,0.2957,224310748,0.297,126088,91106,18455,12.81
Dallas-Plano-Irving,3/1/1992,1762,0.5362,202868536,0.5133,115135,89369,18019,12.81
Dallas-Plano-Irving,2/1/1992,1192,0.1528,136702078,0.3147,114683,86814,17430,12.86
Dallas-Plano-Irving,1/1/1992,932,-0.1257,111805861,-0.0394,119963,87325,17042,12.69
Dallas-Plano-Irving,12/1/1991,1103,-0.1267,132873426,0.0197,120465,91106,16086,11.88
Dallas-Plano-Irving,11/1/1991,1142,-0.0922,134589430,0.0361,117854,83952,16701,12.22
Dallas-Plano-Irving,10/1/1991,1244,-0.0088,137857217,0.0627,110818,80171,18508,13.44
Dallas-Plano-Irving,9/1/1991,1395,0.0665,166705009,0.1162,119502,84259,17607,12.78
Dallas-Plano-Irving,8/1/1991,1695,0.0162,191611134,-0.0336,113045,87018,17884,13.05
Dallas-Plano-Irving,7/1/1991,1523,-0.1361,191395805,-0.0688,125670,89880,22471,16.43
Dallas-Plano-Irving,6/1/1991,1808,0.1538,209557629,0.1211,115906,86712,22548,16.24
Dallas-Plano-Irving,5/1/1991,1714,0.1094,218279148,0.1362,127351,87631,22099,16.15
Dallas-Plano-Irving,4/1/1991,1373,-0.0865,172949614,0.0072,125965,84259,21913,16.18
Dallas-Plano-Irving,3/1/1991,1147,-0.3181,134056660,-0.2876,116876,82930,22229,16.29
Dallas-Plano-Irving,2/1/1991,1034,0.0361,103979917,-0.0907,100561,89573,21385,15.17
Dallas-Plano-Irving,1/1/1991,1066,-0.0541,116390061,-0.1046,109184,80171,20715,14.73
Dallas-Plano-Irving,12/1/1990,1263,0,130301090,0,103168,79456,19662,13.93
Dallas-Plano-Irving,11/1/1990,1258,0,129905796,0,103264,80376,21801,15.3
Dallas-Plano-Irving,10/1/1990,1255,0,129724055,0,103366,80376,21801,15.12
Dallas-Plano-Irving,9/1/1990,1308,0,149346299,0,114179,87325,22397,15.32
Dallas-Plano-Irving,8/1/1990,1668,0,198276736,0,118871,86507,18964,12.8
Dallas-Plano-Irving,7/1/1990,1763,0,205546072,0,116589,87223,19961,13.72
Dallas-Plano-Irving,6/1/1990,1567,0,186921924,0,119286,95807,23193,16.52
Dallas-Plano-Irving,5/1/1990,1545,0,192114992,0,124346,85587,20058,14.63
Dallas-Plano-Irving,4/1/1990,1503,0,171712948,0,114247,84463,20095,15.14
Dallas-Plano-Irving,3/1/1990,1682,0,188175458,0,111876,85792,19637,15.47
Dallas-Plano-Irving,2/1/1990,998,0,114347163,0,114576,85996,19083,17.96
Dallas-Plano-Irving,1/1/1990,1127,0,129983479,0,115336,89573,18452,16.37
Fort Worth-Arlington-Grapevine,1/1/2026,1578,-0.0343,656040852,-0.0456,415741,348950,8422,3.45
Fort Worth-Arlington-Grapevine,12/1/2025,2457,0.0057,1063107204,-0.0091,432685,350000,8225,3.37
Fort Worth-Arlington-Grapevine,11/1/2025,1961,-0.0976,825933323,-0.1573,421179,347000,9635,3.94
Fort Worth-Arlington-Grapevine,10/1/2025,2384,-0.0038,1062437826,0.0299,445653,350000,10202,4.15
Fort Worth-Arlington-Grapevine,9/1/2025,2486,0.0899,1058068751,0.0903,425610,350000,10334,4.2
Fort Worth-Arlington-Grapevine,8/1/2025,2635,0.0233,1172971879,0.0542,445150,355000,10707,4.38
Fort Worth-Arlington-Grapevine,7/1/2025,2865,0.0317,1292983333,0.0236,451303,360000,10928,4.48
Fort Worth-Arlington-Grapevine,6/1/2025,2790,0.0157,1271639112,0.0172,455784,362000,10790,4.44
Fort Worth-Arlington-Grapevine,5/1/2025,2915,-0.0411,1291486108,-0.0606,443048,364900,10451,4.3
Fort Worth-Arlington-Grapevine,4/1/2025,2596,-0.0682,1160255360,-0.0636,446939,360000,9704,3.98
Fort Worth-Arlington-Grapevine,3/1/2025,2552,-0.0062,1088417966,0.0188,426496,355000,9114,3.71
Fort Worth-Arlington-Grapevine,2/1/2025,2050,-0.0456,857064061,-0.0496,418080,353540,8538,3.48
Fort Worth-Arlington-Grapevine,1/1/2025,1634,0.0118,687364130,0.0174,420663,349900,8596,3.49
Fort Worth-Arlington-Grapevine,12/1/2024,2443,0.1622,1072835380,0.1673,439146,360000,8090,3.28
Fort Worth-Arlington-Grapevine,11/1/2024,2173,0.1467,980103197,0.2205,451036,365000,9362,3.85
Fort Worth-Arlington-Grapevine,10/1/2024,2393,0.1172,1031573149,0.1632,431079,355000,9667,4.01
Fort Worth-Arlington-Grapevine,9/1/2024,2281,-0.007,970431750,-0.0042,425441,350000,9618,4.02
Fort Worth-Arlington-Grapevine,8/1/2024,2575,-0.1081,1112640594,-0.127,432093,350000,9614,4.02
Fort Worth-Arlington-Grapevine,7/1/2024,2777,0.0559,1263203731,0.0621,454880,365000,9269,3.83
Fort Worth-Arlington-Grapevine,6/1/2024,2747,-0.0961,1250182646,-0.0687,455108,364500,8922,3.71
Fort Worth-Arlington-Grapevine,5/1/2024,3040,-0.0244,1374728861,0.0033,452213,360000,8530,3.51
Fort Worth-Arlington-Grapevine,4/1/2024,2786,0.0569,1239017942,0.0912,444730,360000,7795,3.2
Fort Worth-Arlington-Grapevine,3/1/2024,2568,-0.0699,1068347193,-0.0462,416023,350000,7430,3.07
Fort Worth-Arlington-Grapevine,2/1/2024,2148,-0.0037,901756785,0.0304,419812,350000,7066,2.9
Fort Worth-Arlington-Grapevine,1/1/2024,1615,0.0487,675634226,0.0548,418349,345000,6627,2.72
Fort Worth-Arlington-Grapevine,12/1/2023,2102,-0.0467,919064447,0.0181,437233,349999,6681,2.75
Fort Worth-Arlington-Grapevine,11/1/2023,1895,-0.0733,803018792,-0.0592,423756,350000,7594,3.11
Fort Worth-Arlington-Grapevine,10/1/2023,2142,-0.0962,886821398,-0.1088,414015,350000,7649,3.12
Fort Worth-Arlington-Grapevine,9/1/2023,2297,-0.1731,974484238,-0.1772,424242,355000,7318,2.96
Fort Worth-Arlington-Grapevine,8/1/2023,2887,-0.0732,1274455556,-0.0746,441446,360000,6968,2.77
Fort Worth-Arlington-Grapevine,7/1/2023,2630,-0.1009,1189301187,-0.1118,452205,365000,6759,2.67
Fort Worth-Arlington-Grapevine,6/1/2023,3039,-0.0559,1342416975,-0.0821,441729,365000,6733,2.63
Fort Worth-Arlington-Grapevine,5/1/2023,3116,-0.0067,1370153722,-0.0408,439715,360000,6163,2.4
Fort Worth-Arlington-Grapevine,4/1/2023,2636,-0.0689,1135436497,-0.0972,430742,354745,5752,2.23
Fort Worth-Arlington-Grapevine,3/1/2023,2761,-0.0356,1120063248,-0.0462,405673,346739,5840,2.25
Fort Worth-Arlington-Grapevine,2/1/2023,2156,-0.0384,875145274,-0.0051,405911,345350,5617,2.16
Fort Worth-Arlington-Grapevine,1/1/2023,1540,-0.3054,640525769,-0.253,415925,344449,6030,2.31
Fort Worth-Arlington-Grapevine,12/1/2022,2205,-0.2993,902726289,-0.2629,409399,356590,6094,2.29
Fort Worth-Arlington-Grapevine,11/1/2022,2045,-0.3206,853573146,-0.251,417395,355900,6822,2.49
Fort Worth-Arlington-Grapevine,10/1/2022,2370,-0.2257,995085208,-0.1189,419867,360000,6960,2.47
Fort Worth-Arlington-Grapevine,9/1/2022,2778,-0.171,1184322031,-0.0765,426321,359000,6773,2.35
Fort Worth-Arlington-Grapevine,8/1/2022,3115,-0.1059,1377224465,0.047,442126,370000,6453,2.21
Fort Worth-Arlington-Grapevine,7/1/2022,2925,-0.1295,1339022178,0.0364,457785,380000,6265,2.12
Fort Worth-Arlington-Grapevine,6/1/2022,3219,-0.0546,1462517971,0.1222,454339,385000,5295,1.77
Fort Worth-Arlington-Grapevine,5/1/2022,3137,0.0268,1428362853,0.2338,455327,383164,3695,1.23
Fort Worth-Arlington-Grapevine,4/1/2022,2831,-0.0944,1257721909,0.1122,444267,375000,2959,0.99
Fort Worth-Arlington-Grapevine,3/1/2022,2863,0.0053,1174341198,0.1793,410178,351949,2439,0.81
Fort Worth-Arlington-Grapevine,2/1/2022,2242,0.0712,879587462,0.2499,392322,349455,2146,0.71
Fort Worth-Arlington-Grapevine,1/1/2022,2217,0.0664,857422172,0.2714,386748,335000,2289,0.76
Fort Worth-Arlington-Grapevine,12/1/2021,3147,-0.0495,1224776479,0.1338,389188,337000,2446,0.81
Fort Worth-Arlington-Grapevine,11/1/2021,3010,0.07,1139555883,0.2538,378589,323000,3052,1.01
Fort Worth-Arlington-Grapevine,10/1/2021,3061,-0.0968,1129411734,0.0238,368968,320000,3754,1.25
Fort Worth-Arlington-Grapevine,9/1/2021,3351,-0.0309,1282416587,0.162,382696,319000,3905,1.29
Fort Worth-Arlington-Grapevine,8/1/2021,3484,-0.0202,1315410396,0.1731,377557,316900,3989,1.31
Fort Worth-Arlington-Grapevine,7/1/2021,3360,-0.1821,1291972150,-0.0007,384515,320000,4212,1.39
Fort Worth-Arlington-Grapevine,6/1/2021,3405,-0.057,1303243219,0.1662,382743,315000,3549,1.14
Fort Worth-Arlington-Grapevine,5/1/2021,3055,0.1814,1157684536,0.514,378947,310990,2954,0.95
Fort Worth-Arlington-Grapevine,4/1/2021,3126,0.2949,1130864715,0.5484,361760,295000,2942,0.95
Fort Worth-Arlington-Grapevine,3/1/2021,2848,0.0007,995808795,0.2042,349651,289000,2733,0.9
Fort Worth-Arlington-Grapevine,2/1/2021,2093,-0.0759,703749200,0.0632,336239,284450,2744,0.91
Fort Worth-Arlington-Grapevine,1/1/2021,2079,0.0716,674370062,0.2662,324372,270000,3128,1.03
Fort Worth-Arlington-Grapevine,12/1/2020,3311,0.2155,1080232339,0.3453,326255,275000,3157,1.04
Fort Worth-Arlington-Grapevine,11/1/2020,2813,0.137,908852494,0.304,323090,269000,3891,1.31
Fort Worth-Arlington-Grapevine,10/1/2020,3389,0.1858,1103157714,0.3444,325511,271000,4606,1.56
Fort Worth-Arlington-Grapevine,9/1/2020,3458,0.2368,1103665950,0.3805,319163,265500,4920,1.69
Fort Worth-Arlington-Grapevine,8/1/2020,3556,0.0599,1121338479,0.1308,315337,265000,5399,1.9
Fort Worth-Arlington-Grapevine,7/1/2020,4108,0.1925,1292827031,0.283,314709,265000,5865,2.07
Fort Worth-Arlington-Grapevine,6/1/2020,3611,0.1166,1117546887,0.1462,309484,260000,6109,2.2
Fort Worth-Arlington-Grapevine,5/1/2020,2586,-0.241,764656917,-0.2443,295690,252000,6536,2.38
Fort Worth-Arlington-Grapevine,4/1/2020,2414,-0.2064,730342715,-0.1503,302544,260000,6547,2.33
Fort Worth-Arlington-Grapevine,3/1/2020,2846,-0.0091,826979493,0.012,290576,250000,6177,2.16
Fort Worth-Arlington-Grapevine,2/1/2020,2265,0.0067,661913073,0.0865,292235,245000,6201,2.16
Fort Worth-Arlington-Grapevine,1/1/2020,1940,0.15,532584135,0.1847,274527,242850,6160,2.15
Fort Worth-Arlington-Grapevine,12/1/2019,2724,0.0814,802981387,0.1491,294780,247792,5877,2.07
Fort Worth-Arlington-Grapevine,11/1/2019,2474,0.0177,696949628,0.0875,281709,242700,6838,2.42
Fort Worth-Arlington-Grapevine,10/1/2019,2858,0.0736,820578599,0.1455,287116,249900,7367,2.61
Fort Worth-Arlington-Grapevine,9/1/2019,2796,0.0421,799477565,0.0806,285936,245000,7539,2.68
Fort Worth-Arlington-Grapevine,8/1/2019,3355,-0.0024,991659305,0.0446,295576,249900,7738,2.76
Fort Worth-Arlington-Grapevine,7/1/2019,3445,0.0138,1007625180,0.0421,292489,250000,7870,2.81
Fort Worth-Arlington-Grapevine,6/1/2019,3234,-0.0438,974962390,-0.0302,301472,252700,7770,2.78
Fort Worth-Arlington-Grapevine,5/1/2019,3407,0.0143,1011852835,0.0327,296992,250000,7350,2.62
Fort Worth-Arlington-Grapevine,4/1/2019,3042,0.049,859482672,0.0543,282538,242000,6705,2.39
Fort Worth-Arlington-Grapevine,3/1/2019,2872,0.0505,817187621,0.0727,284536,240000,6430,2.3
Fort Worth-Arlington-Grapevine,2/1/2019,2250,0.0321,609240971,0.0784,270773,232400,6217,2.24
Fort Worth-Arlington-Grapevine,1/1/2019,1687,-0.1088,449545893,-0.0495,266476,223000,6079,2.19
Fort Worth-Arlington-Grapevine,12/1/2018,2519,-0.0667,698771547,-0.0337,277400,235000,5683,2.04
Fort Worth-Arlington-Grapevine,11/1/2018,2431,-0.033,640897551,-0.0113,263635,225000,6627,2.36
Fort Worth-Arlington-Grapevine,10/1/2018,2662,-0.0352,716372231,0.0127,269110,230000,6928,2.46
Fort Worth-Arlington-Grapevine,9/1/2018,2683,-0.0665,739818473,-0.0242,275743,233000,7097,2.51
Fort Worth-Arlington-Grapevine,8/1/2018,3363,0.0057,949323578,0.0616,282284,236500,7458,2.63
Fort Worth-Arlington-Grapevine,7/1/2018,3398,0.0572,966885444,0.0959,284545,242000,7275,2.56
Fort Worth-Arlington-Grapevine,6/1/2018,3382,-0.0296,1005323132,0.0606,297256,244950,7055,2.5
Fort Worth-Arlington-Grapevine,5/1/2018,3359,0.016,979778670,0.0935,291687,242000,6425,2.27
Fort Worth-Arlington-Grapevine,4/1/2018,2900,0.0588,815196123,0.1197,281102,235000,5867,2.08
Fort Worth-Arlington-Grapevine,3/1/2018,2734,-0.0319,761778463,0.0697,278631,230000,5310,1.89
Fort Worth-Arlington-Grapevine,2/1/2018,2180,0.0278,564966007,0.0511,259158,223500,4878,1.73
Fort Worth-Arlington-Grapevine,1/1/2018,1893,0.0683,472978129,0.1197,249856,215000,4885,1.74
Fort Worth-Arlington-Grapevine,12/1/2017,2699,0.0441,723150395,0.1182,267932,227000,4837,1.72
Fort Worth-Arlington-Grapevine,11/1/2017,2514,0.0178,648189709,0.077,257832,218000,5604,2.01
Fort Worth-Arlington-Grapevine,10/1/2017,2759,0.0337,707384671,0.0928,256391,215000,6209,2.22
Fort Worth-Arlington-Grapevine,9/1/2017,2874,-0.0144,758151789,0.0924,263796,217400,6378,2.29
Fort Worth-Arlington-Grapevine,8/1/2017,3344,0.0133,894255612,0.0857,267420,225000,6554,2.35
Fort Worth-Arlington-Grapevine,7/1/2017,3214,0.0398,882309767,0.1723,274520,225000,6599,2.37
Fort Worth-Arlington-Grapevine,6/1/2017,3485,0.045,947921114,0.1242,272000,225000,6367,2.3
Fort Worth-Arlington-Grapevine,5/1/2017,3306,0.1131,896019605,0.2109,271028,224950,5857,2.12
Fort Worth-Arlington-Grapevine,4/1/2017,2739,-0.0308,728079938,0.104,265819,220000,5490,2.01
Fort Worth-Arlington-Grapevine,3/1/2017,2824,0.0299,712173931,0.1449,252186,213000,5213,1.9
Fort Worth-Arlington-Grapevine,2/1/2017,2121,0,537496734,0.1248,253416,210000,4842,1.77
Fort Worth-Arlington-Grapevine,1/1/2017,1772,-0.0156,422404970,0.0741,238377,200000,4839,1.77
Fort Worth-Arlington-Grapevine,12/1/2016,2585,-0.0023,646681911,0.1088,250167,205000,4683,1.71
Fort Worth-Arlington-Grapevine,11/1/2016,2470,0.2043,601848907,0.3518,243663,197000,5474,2
Fort Worth-Arlington-Grapevine,10/1/2016,2669,0.0903,647320865,0.2377,242533,199500,5947,2.2
Fort Worth-Arlington-Grapevine,9/1/2016,2916,0.0554,694001662,0.1266,237997,197000,6083,2.27
Fort Worth-Arlington-Grapevine,8/1/2016,3300,0.0368,823669576,0.109,249596,202000,6213,2.33
Fort Worth-Arlington-Grapevine,7/1/2016,3091,-0.0653,752613613,-0.0484,243485,203500,6341,2.38
Fort Worth-Arlington-Grapevine,6/1/2016,3335,0.0211,843184372,0.0702,252828,203000,5980,2.23
Fort Worth-Arlington-Grapevine,5/1/2016,2970,0.0054,739946423,0.0809,249140,200000,5535,2.07
Fort Worth-Arlington-Grapevine,4/1/2016,2826,0.1237,659514848,0.19,233373,190000,5611,2.1
Fort Worth-Arlington-Grapevine,3/1/2016,2742,0.0955,622025516,0.1331,226851,187500,5236,1.98
Fort Worth-Arlington-Grapevine,2/1/2016,2121,0.2183,477841793,0.2772,225290,185000,5116,1.95
Fort Worth-Arlington-Grapevine,1/1/2016,1800,0.1487,393247963,0.2432,218471,176850,5077,1.96
Fort Worth-Arlington-Grapevine,12/1/2015,2591,0.1265,583231409,0.215,225098,182500,5084,1.98
Fort Worth-Arlington-Grapevine,11/1/2015,2051,0.066,445235158,0.1422,217081,175000,5918,2.32
Fort Worth-Arlington-Grapevine,10/1/2015,2448,-0.0482,522992454,-0.0218,213640,173000,6429,2.53
Fort Worth-Arlington-Grapevine,9/1/2015,2763,0.0848,616007867,0.1724,222948,179000,6654,2.61
Fort Worth-Arlington-Grapevine,8/1/2015,3183,0.0886,742694033,0.1487,233331,185000,6399,2.53
Fort Worth-Arlington-Grapevine,7/1/2015,3307,0.1135,790855068,0.2295,239145,186750,6800,2.71
Fort Worth-Arlington-Grapevine,6/1/2015,3266,0.0775,787848352,0.1635,241227,189000,6320,2.55
Fort Worth-Arlington-Grapevine,5/1/2015,2954,0.0017,684562236,0.0915,231740,183500,5964,2.42
Fort Worth-Arlington-Grapevine,4/1/2015,2515,0.0064,554197065,0.0767,220356,175000,5755,2.34
Fort Worth-Arlington-Grapevine,3/1/2015,2503,0.1239,548977934,0.2449,219327,170000,5453,2.22
Fort Worth-Arlington-Grapevine,2/1/2015,1741,0,374138537,0.1062,214898,170000,5336,2.19
Fort Worth-Arlington-Grapevine,1/1/2015,1567,0.0531,316324279,0.1369,201866,163000,5410,2.22
Fort Worth-Arlington-Grapevine,12/1/2014,2300,0.1203,480018322,0.1937,208703,166600,5728,2.36
Fort Worth-Arlington-Grapevine,11/1/2014,1924,0.0016,389806152,0.068,202601,165000,6236,2.59
Fort Worth-Arlington-Grapevine,10/1/2014,2572,0.1251,534665936,0.2143,207879,163500,6640,2.75
Fort Worth-Arlington-Grapevine,9/1/2014,2547,0.1127,525440526,0.1732,206297,162900,7012,2.94
Fort Worth-Arlington-Grapevine,8/1/2014,2924,0.0303,646561986,0.1362,221122,170000,7288,3.08
Fort Worth-Arlington-Grapevine,7/1/2014,2970,0.0345,643228443,0.0692,216575,170000,7485,3.17
Fort Worth-Arlington-Grapevine,6/1/2014,3031,0.1284,677134488,0.2151,223402,170000,7382,3.14
Fort Worth-Arlington-Grapevine,5/1/2014,2949,0.0048,627151863,0.0449,212665,165000,7027,3.03
Fort Worth-Arlington-Grapevine,4/1/2014,2499,0.0109,514704337,0.0877,205964,161900,6880,2.97
Fort Worth-Arlington-Grapevine,3/1/2014,2227,-0.0587,440982868,-0.0182,198016,156000,6589,2.84
Fort Worth-Arlington-Grapevine,2/1/2014,1741,0.0181,338223930,0.1163,194269,150555,6589,2.83
Fort Worth-Arlington-Grapevine,1/1/2014,1488,0.0269,278235898,0.1663,186986,144900,6545,2.81
Fort Worth-Arlington-Grapevine,12/1/2013,2053,0.1412,402127116,0.194,195872,155000,6603,2.84
Fort Worth-Arlington-Grapevine,11/1/2013,1921,0.1214,364971834,0.2264,189990,150500,7159,3.11
Fort Worth-Arlington-Grapevine,10/1/2013,2286,0.1569,440308740,0.2503,192610,152000,7568,3.31
Fort Worth-Arlington-Grapevine,9/1/2013,2289,0.2433,447864410,0.3489,195659,154000,7834,3.47
Fort Worth-Arlington-Grapevine,8/1/2013,2838,0.1551,569072636,0.2011,200518,158500,8105,3.65
Fort Worth-Arlington-Grapevine,7/1/2013,2871,0.2581,601571765,0.3421,209533,163000,8153,3.72
Fort Worth-Arlington-Grapevine,6/1/2013,2686,0.1164,557244688,0.1849,207462,158000,7900,3.69
Fort Worth-Arlington-Grapevine,5/1/2013,2935,0.2805,600229150,0.3855,204507,155000,7596,3.59
Fort Worth-Arlington-Grapevine,4/1/2013,2472,0.2612,473202091,0.3495,191424,151950,7414,3.59
Fort Worth-Arlington-Grapevine,3/1/2013,2366,0.2499,449136037,0.3861,189829,150000,7476,3.7
Fort Worth-Arlington-Grapevine,2/1/2013,1710,0.2042,302984483,0.2852,177183,144000,7530,3.8
Fort Worth-Arlington-Grapevine,1/1/2013,1449,0.2105,238568079,0.2251,164643,132000,7510,3.84
Fort Worth-Arlington-Grapevine,12/1/2012,1799,0.1437,336781001,0.2425,187204,142000,7623,3.94
Fort Worth-Arlington-Grapevine,11/1/2012,1713,0.1474,297594196,0.1471,173726,138000,8219,4.29
Fort Worth-Arlington-Grapevine,10/1/2012,1976,0.274,352155559,0.3376,178216,138230,8634,4.55
Fort Worth-Arlington-Grapevine,9/1/2012,1841,0.0093,332025082,0.0247,180350,142000,8980,4.82
Fort Worth-Arlington-Grapevine,8/1/2012,2457,0.1762,473781581,0.224,192829,145000,9167,4.92
Fort Worth-Arlington-Grapevine,7/1/2012,2282,0.2262,448219890,0.3856,196415,149000,9476,5.17
Fort Worth-Arlington-Grapevine,6/1/2012,2406,0.1144,470271551,0.2185,195457,149657,9556,5.32
Fort Worth-Arlington-Grapevine,5/1/2012,2292,0.1676,433207653,0.2475,189008,144168,9562,5.38
Fort Worth-Arlington-Grapevine,4/1/2012,1960,0.0716,350646378,0.1556,178901,140000,9369,5.36
Fort Worth-Arlington-Grapevine,3/1/2012,1893,0.1356,324034741,0.1761,171175,139000,9268,5.33
Fort Worth-Arlington-Grapevine,2/1/2012,1420,0.2909,235746489,0.3232,166018,129925,9218,5.36
Fort Worth-Arlington-Grapevine,1/1/2012,1197,0.1455,194740836,0.1498,162690,130000,9038,5.34
Fort Worth-Arlington-Grapevine,12/1/2011,1573,0.0397,271057248,-0.0029,172318,135000,9065,5.4
Fort Worth-Arlington-Grapevine,11/1/2011,1493,0.0318,259437538,0.0829,173769,134100,9754,5.84
Fort Worth-Arlington-Grapevine,10/1/2011,1551,0.0594,263273239,0.0628,169744,134999,10295,6.2
Fort Worth-Arlington-Grapevine,9/1/2011,1824,0.1464,324022595,0.1603,177643,135000,10623,6.44
Fort Worth-Arlington-Grapevine,8/1/2011,2089,0.2117,387064149,0.2018,185286,141000,11156,6.86
Fort Worth-Arlington-Grapevine,7/1/2011,1861,0.166,323493582,0.0906,173827,134900,11646,7.31
Fort Worth-Arlington-Grapevine,6/1/2011,2159,-0.0023,385953929,-0.0049,178765,136555,11878,7.58
Fort Worth-Arlington-Grapevine,5/1/2011,1963,-0.1728,347267249,-0.1461,176906,134000,12014,7.69
Fort Worth-Arlington-Grapevine,4/1/2011,1829,-0.2184,303434739,-0.1944,165901,125000,11960,7.51
Fort Worth-Arlington-Grapevine,3/1/2011,1667,-0.2122,275521520,-0.2078,165279,128750,11948,7.33
Fort Worth-Arlington-Grapevine,2/1/2011,1100,-0.2308,178158003,-0.1918,161961,127500,11565,6.96
Fort Worth-Arlington-Grapevine,1/1/2011,1045,-0.0929,169362504,-0.0981,162069,130000,11444,6.8
Fort Worth-Arlington-Grapevine,12/1/2010,1513,-0.0786,271846762,0.0069,179674,138831,11551,6.63
Fort Worth-Arlington-Grapevine,11/1/2010,1447,-0.2384,239587025,-0.2129,165575,128718,12126,6.92
Fort Worth-Arlington-Grapevine,10/1/2010,1464,-0.3165,247719048,-0.2524,169207,131681,12576,7.02
Fort Worth-Arlington-Grapevine,9/1/2010,1591,-0.1666,279257093,-0.0874,175523,134262,13076,7.08
Fort Worth-Arlington-Grapevine,8/1/2010,1724,-0.1712,322082852,-0.1443,186823,144135,13400,7.15
Fort Worth-Arlington-Grapevine,7/1/2010,1596,-0.2991,296621388,-0.2412,185853,143282,13691,7.19
Fort Worth-Arlington-Grapevine,6/1/2010,2164,0.0042,387851556,0.0076,179229,136872,13312,6.79
Fort Worth-Arlington-Grapevine,5/1/2010,2373,0.2226,406703724,0.2525,171388,137301,12638,6.45
Fort Worth-Arlington-Grapevine,4/1/2010,2340,0.3341,376667460,0.3232,160969,132719,11967,6.22
Fort Worth-Arlington-Grapevine,3/1/2010,2116,0.2023,347789992,0.2009,164362,132697,11962,6.38
Fort Worth-Arlington-Grapevine,2/1/2010,1430,0.0866,220450230,0.046,154161,128958,11549,6.26
Fort Worth-Arlington-Grapevine,1/1/2010,1152,0.0258,187789824,0.0967,163012,130721,11191,6.1
Fort Worth-Arlington-Grapevine,12/1/2009,1642,0.0111,269994060,0.0147,164430,131479,10827,5.91
Fort Worth-Arlington-Grapevine,11/1/2009,1900,0.434,304383800,0.4097,160202,130397,11096,6.06
Fort Worth-Arlington-Grapevine,10/1/2009,2142,0.1262,331354548,0.0502,154694,129456,11221,6.29
Fort Worth-Arlington-Grapevine,9/1/2009,1909,-0.1088,305995519,-0.1501,160291,129211,11459,6.5
Fort Worth-Arlington-Grapevine,8/1/2009,2080,-0.1472,376400960,-0.1524,180962,138572,11877,6.66
Fort Worth-Arlington-Grapevine,7/1/2009,2277,-0.0785,390883482,-0.125,171666,137005,11985,6.61
Fort Worth-Arlington-Grapevine,6/1/2009,2155,-0.1708,384939030,-0.2104,178626,140231,11946,6.53
Fort Worth-Arlington-Grapevine,5/1/2009,1941,-0.2575,324704067,-0.318,167287,132198,12792,6.85
Fort Worth-Arlington-Grapevine,4/1/2009,1754,-0.2523,284670692,-0.2584,162298,129679,12665,6.59
Fort Worth-Arlington-Grapevine,3/1/2009,1760,-0.1702,289597440,-0.1935,164544,127132,12550,6.36
Fort Worth-Arlington-Grapevine,2/1/2009,1316,-0.307,210748188,-0.3394,160143,129096,12277,6.13
Fort Worth-Arlington-Grapevine,1/1/2009,1123,-0.2392,171230548,-0.2653,152476,121379,11978,5.84
Fort Worth-Arlington-Grapevine,12/1/2008,1624,-0.1672,266082656,-0.1708,163844,131745,11487,5.52
Fort Worth-Arlington-Grapevine,11/1/2008,1325,-0.358,215922000,-0.3917,162960,129421,12333,5.85
Fort Worth-Arlington-Grapevine,10/1/2008,1902,-0.1339,315522780,-0.1558,165890,130285,12539,5.78
Fort Worth-Arlington-Grapevine,9/1/2008,2142,-0.0197,360020934,-0.0548,168077,131641,12827,5.85
Fort Worth-Arlington-Grapevine,8/1/2008,2439,-0.1633,444088242,-0.1534,182078,139924,13353,6.08
Fort Worth-Arlington-Grapevine,7/1/2008,2471,-0.1375,446709851,-0.1397,180781,138415,13880,6.21
Fort Worth-Arlington-Grapevine,6/1/2008,2599,-0.1597,487512623,-0.1289,187577,141928,14030,6.18
Fort Worth-Arlington-Grapevine,5/1/2008,2614,-0.1082,476116574,-0.0872,182141,140612,13995,6.06
Fort Worth-Arlington-Grapevine,4/1/2008,2346,-0.08,383859558,-0.1248,163623,130843,14147,6.05
Fort Worth-Arlington-Grapevine,3/1/2008,2121,-0.2379,359068332,-0.2031,169292,132615,14164,6.02
Fort Worth-Arlington-Grapevine,2/1/2008,1899,-0.1017,319028202,-0.0798,167998,132845,13897,5.77
Fort Worth-Arlington-Grapevine,1/1/2008,1476,-0.1991,233057448,-0.2154,157898,129035,13839,5.7
Fort Worth-Arlington-Grapevine,12/1/2007,1950,-0.1935,320882250,-0.2176,164555,132969,13443,5.47
Fort Worth-Arlington-Grapevine,11/1/2007,2064,-0.1284,354981168,-0.0855,171987,136556,14422,5.78
Fort Worth-Arlington-Grapevine,10/1/2007,2196,-0.1073,373763592,-0.0613,170202,132384,15053,5.97
Fort Worth-Arlington-Grapevine,9/1/2007,2185,-0.1495,380913235,-0.0782,174331,135382,15351,6.03
Fort Worth-Arlington-Grapevine,8/1/2007,2915,-0.0902,524542590,-0.073,179946,138600,15423,5.99
Fort Worth-Arlington-Grapevine,7/1/2007,2865,-0.0538,519238275,0.0104,181235,140779,15852,6.1
Fort Worth-Arlington-Grapevine,6/1/2007,3093,-0.1053,559647420,-0.0882,180940,138940,15754,6.03
Fort Worth-Arlington-Grapevine,5/1/2007,2931,-0.0428,521594898,0.0321,177958,138636,15731,5.95
Fort Worth-Arlington-Grapevine,4/1/2007,2550,-0.0326,438610200,0.0581,172004,133476,15679,5.91
Fort Worth-Arlington-Grapevine,3/1/2007,2783,-0.0592,450570483,-0.0463,161901,130769,15451,5.8
Fort Worth-Arlington-Grapevine,2/1/2007,2114,0.0297,346679088,0.045,163992,129489,14662,5.48
Fort Worth-Arlington-Grapevine,1/1/2007,1843,0.0828,297058426,0.1051,161182,128432,14336,5.37
Fort Worth-Arlington-Grapevine,12/1/2006,2418,0.0685,410116980,0.109,169610,135073,14132,5.31
Fort Worth-Arlington-Grapevine,11/1/2006,2368,0.1055,388157824,0.0894,163918,134082,14890,5.63
Fort Worth-Arlington-Grapevine,10/1/2006,2460,0.0691,398151000,0.0651,161850,131542,15189,5.78
Fort Worth-Arlington-Grapevine,9/1/2006,2569,-0.0407,413249340,-0.0523,160860,131081,15559,5.95
Fort Worth-Arlington-Grapevine,8/1/2006,3204,0.0821,565826400,0.1192,176600,137391,15535,5.92
Fort Worth-Arlington-Grapevine,7/1/2006,3028,0.0753,513912160,0.0507,169720,136017,15643,6.01
Fort Worth-Arlington-Grapevine,6/1/2006,3457,0.0971,613811092,0.1533,177556,141252,15431,5.97
Fort Worth-Arlington-Grapevine,5/1/2006,3062,0.1042,505380038,0.0877,165049,135086,15075,5.89
Fort Worth-Arlington-Grapevine,4/1/2006,2636,0.0241,414518908,0.0207,157253,129336,14768,5.82
Fort Worth-Arlington-Grapevine,3/1/2006,2958,0.2005,472451760,0.222,159720,131470,14366,5.68
Fort Worth-Arlington-Grapevine,2/1/2006,2053,0.1249,331764800,0.2292,161600,129853,14030,5.63
Fort Worth-Arlington-Grapevine,1/1/2006,1702,0.1578,268813880,0.1982,157940,128126,13642,5.52
Fort Worth-Arlington-Grapevine,12/1/2005,2263,0.0462,369819460,0.0717,163420,134752,12996,5.3
Fort Worth-Arlington-Grapevine,11/1/2005,2142,0.0807,356315274,0.1686,166347,135096,13643,5.58
Fort Worth-Arlington-Grapevine,10/1/2005,2301,0.091,373802052,0.2103,162452,133035,13819,5.69
Fort Worth-Arlington-Grapevine,9/1/2005,2678,0.2364,436039994,0.335,162823,135176,13844,5.74
Fort Worth-Arlington-Grapevine,8/1/2005,2961,0.1806,505549296,0.2739,170736,136657,14238,6
Fort Worth-Arlington-Grapevine,7/1/2005,2816,0.1013,489119488,0.2156,173693,138186,14630,6.27
Fort Worth-Arlington-Grapevine,6/1/2005,3151,0.2091,532222806,0.227,168906,135045,14604,6.32
Fort Worth-Arlington-Grapevine,5/1/2005,2773,0.1114,464618923,0.1798,167551,133210,14418,6.36
Fort Worth-Arlington-Grapevine,4/1/2005,2574,0.0783,406115424,0.1652,157776,127948,14468,6.45
Fort Worth-Arlington-Grapevine,3/1/2005,2464,0.0774,386613920,0.1564,156905,127601,14189,6.37
Fort Worth-Arlington-Grapevine,2/1/2005,1825,0.0592,269902900,0.0902,147892,123658,13757,6.22
Fort Worth-Arlington-Grapevine,1/1/2005,1470,0.0841,224352870,0.1727,152621,124695,13380,6.07
Fort Worth-Arlington-Grapevine,12/1/2004,2163,0.1149,345089346,0.1568,159542,127030,12435,5.67
Fort Worth-Arlington-Grapevine,11/1/2004,1982,0.2189,304897006,0.2589,153833,126467,12974,5.96
Fort Worth-Arlington-Grapevine,10/1/2004,2109,0.0399,308850396,0.0648,146444,124491,13322,6.21
Fort Worth-Arlington-Grapevine,9/1/2004,2166,0.0515,326621970,0.0462,150795,124243,13362,6.24
Fort Worth-Arlington-Grapevine,8/1/2004,2508,0.0216,396865920,0.0315,158240,128747,13621,6.39
Fort Worth-Arlington-Grapevine,7/1/2004,2557,0.0904,402374634,0.1051,157362,129923,13851,6.51
Fort Worth-Arlington-Grapevine,6/1/2004,2606,0.1681,433745246,0.2591,166441,131259,13761,6.52
Fort Worth-Arlington-Grapevine,5/1/2004,2495,0.1514,393810800,0.2058,157840,126755,13694,6.59
Fort Worth-Arlington-Grapevine,4/1/2004,2387,0.2062,348525870,0.2583,146010,121708,13381,6.53
Fort Worth-Arlington-Grapevine,3/1/2004,2287,0.1668,334327382,0.1822,146186,120669,13260,6.58
Fort Worth-Arlington-Grapevine,2/1/2004,1723,0.0878,247583039,0.0795,143693,118405,12930,6.5
Fort Worth-Arlington-Grapevine,1/1/2004,1356,-0.0209,191308548,-0.0051,141083,117563,12631,6.39
Fort Worth-Arlington-Grapevine,12/1/2003,1940,-0.0092,298319620,0.0317,153773,126965,12143,6.13
Fort Worth-Arlington-Grapevine,11/1/2003,1626,-0.0401,242200830,0.0085,148955,123197,12697,6.41
Fort Worth-Arlington-Grapevine,10/1/2003,2028,0.0998,290056728,0.0875,143026,118539,13013,6.55
Fort Worth-Arlington-Grapevine,9/1/2003,2060,0.1375,312186820,0.278,151547,123647,13212,6.7
Fort Worth-Arlington-Grapevine,8/1/2003,2455,0.1646,384727960,0.2117,156712,129350,13143,6.74
Fort Worth-Arlington-Grapevine,7/1/2003,2345,0.0013,364117530,0.0105,155274,128374,13186,6.86
Fort Worth-Arlington-Grapevine,6/1/2003,2231,0.0295,344488710,0.0648,154410,128355,13067,6.8
Fort Worth-Arlington-Grapevine,5/1/2003,2167,-0.0064,326610240,-0.0069,150720,124059,12506,6.53
Fort Worth-Arlington-Grapevine,4/1/2003,1979,-0.011,276970945,-0.0298,139955,118938,12046,6.28
Fort Worth-Arlington-Grapevine,3/1/2003,1960,0.0235,282810360,0.0109,144291,121351,11711,6.1
Fort Worth-Arlington-Grapevine,2/1/2003,1584,-0.01,229350528,0.0527,144792,122084,11009,5.75
Fort Worth-Arlington-Grapevine,1/1/2003,1385,0.0087,192283705,0.0097,138833,116709,10806,5.64
Fort Worth-Arlington-Grapevine,12/1/2002,1958,0.2307,289155482,0.2839,147679,124387,10015,5.23
Fort Worth-Arlington-Grapevine,11/1/2002,1694,0.0077,240149910,-0.0041,141765,118260,10502,5.57
Fort Worth-Arlington-Grapevine,10/1/2002,1844,0.1142,266716160,0.2522,144640,119920,10826,5.74
Fort Worth-Arlington-Grapevine,9/1/2002,1811,0.0653,244269491,0.0518,134881,117413,10787,5.77
Fort Worth-Arlington-Grapevine,8/1/2002,2108,-0.0268,317509068,0.0116,150621,124061,10568,5.68
Fort Worth-Arlington-Grapevine,7/1/2002,2342,0.0588,360321384,0.0662,153852,128191,10417,5.59
Fort Worth-Arlington-Grapevine,6/1/2002,2167,-0.039,323528766,-0.054,149298,123993,10126,5.46
Fort Worth-Arlington-Grapevine,5/1/2002,2181,-0.0337,328879533,0.0051,150793,123125,9958,5.35
Fort Worth-Arlington-Grapevine,4/1/2002,2001,0.0781,285490674,0.114,142674,116562,9705,5.2
Fort Worth-Arlington-Grapevine,3/1/2002,1915,-0.0807,279766180,-0.0152,146092,120876,9417,5.08
Fort Worth-Arlington-Grapevine,2/1/2002,1600,0.0139,217870400,0.0247,136169,113621,9232,4.94
Fort Worth-Arlington-Grapevine,1/1/2002,1373,0.1208,190436473,0.1789,138701,116321,8962,4.8
Fort Worth-Arlington-Grapevine,12/1/2001,1591,0.0794,225220369,0.0709,141559,119434,8445,4.55
Fort Worth-Arlington-Grapevine,11/1/2001,1681,0.068,241127683,0.0998,143443,120958,8894,4.82
Fort Worth-Arlington-Grapevine,10/1/2001,1655,-0.0143,212993535,-0.0744,128697,110797,9200,5.01
Fort Worth-Arlington-Grapevine,9/1/2001,1700,0.0149,232245500,0.0079,136615,115356,9137,4.97
Fort Worth-Arlington-Grapevine,8/1/2001,2166,0.0379,313881558,0.0528,144913,119345,9064,4.94
Fort Worth-Arlington-Grapevine,7/1/2001,2212,0.1704,337955996,0.2924,152783,125292,9169,5.01
Fort Worth-Arlington-Grapevine,6/1/2001,2255,0.0713,342013595,0.1456,151669,121827,9049,5.02
Fort Worth-Arlington-Grapevine,5/1/2001,2257,0.0661,327219860,0.1428,144980,118978,8860,4.95
Fort Worth-Arlington-Grapevine,4/1/2001,1856,0.0642,256283904,0.1023,138084,114980,8642,4.86
Fort Worth-Arlington-Grapevine,3/1/2001,2083,0.0266,284089955,0.0745,136385,114724,8370,4.73
Fort Worth-Arlington-Grapevine,2/1/2001,1578,0.0409,212610252,0.1179,134734,114414,8018,4.54
Fort Worth-Arlington-Grapevine,1/1/2001,1225,0.1768,161537075,0.1688,131867,110599,8029,4.56
Fort Worth-Arlington-Grapevine,12/1/2000,1474,-0.0587,210300002,0.0447,142673,113485,7645,4.38
Fort Worth-Arlington-Grapevine,11/1/2000,1574,0.0472,219253478,0.1793,139297,114487,8026,4.58
Fort Worth-Arlington-Grapevine,10/1/2000,1679,0.0687,230103592,0.174,137048,109980,8204,4.7
Fort Worth-Arlington-Grapevine,9/1/2000,1675,0.0139,230418025,0.1393,137563,113346,8098,4.66
Fort Worth-Arlington-Grapevine,8/1/2000,2087,0.0813,298132124,0.215,142852,114087,7963,4.59
Fort Worth-Arlington-Grapevine,7/1/2000,1890,-0.0966,261492840,-0.0749,138356,114132,8041,4.67
Fort Worth-Arlington-Grapevine,6/1/2000,2105,-0.0214,298556360,0.0091,141832,114173,7734,4.45
Fort Worth-Arlington-Grapevine,5/1/2000,2117,0.1709,286341186,0.2055,135258,110003,7604,4.36
Fort Worth-Arlington-Grapevine,4/1/2000,1744,0.0253,232508336,0.0946,133319,107777,7586,4.42
Fort Worth-Arlington-Grapevine,3/1/2000,2029,0.1272,264382758,0.1948,130302,107509,7617,4.45
Fort Worth-Arlington-Grapevine,2/1/2000,1516,0.1798,190191296,0.2007,125456,104181,7824,4.62
Fort Worth-Arlington-Grapevine,1/1/2000,1041,0.0117,138209406,0.0629,132766,106725,7792,4.65
Fort Worth-Arlington-Grapevine,12/1/1999,1566,0.1323,201304602,0.1337,128547,106107,7449,4.45
Fort Worth-Arlington-Grapevine,11/1/1999,1503,0.1309,185916591,0.1331,123697,100676,7677,4.63
Fort Worth-Arlington-Grapevine,10/1/1999,1571,0.1189,195993247,0.1478,124757,103402,7872,4.79
Fort Worth-Arlington-Grapevine,9/1/1999,1652,0.1043,202246100,0.1425,122425,102604,7951,4.88
Fort Worth-Arlington-Grapevine,8/1/1999,1930,0.1287,245378270,0.1168,127139,103672,7905,4.89
Fort Worth-Arlington-Grapevine,7/1/1999,2092,0.0993,282675224,0.1627,135122,110050,7987,5
Fort Worth-Arlington-Grapevine,6/1/1999,2151,0.1309,295870050,0.2296,137550,109692,8032,5.07
Fort Worth-Arlington-Grapevine,5/1/1999,1808,0.022,237524192,0.0843,131374,106858,7770,4.97
Fort Worth-Arlington-Grapevine,4/1/1999,1701,0.0869,212410674,0.172,124874,101875,7722,4.95
Fort Worth-Arlington-Grapevine,3/1/1999,1800,0.1349,221270400,0.1547,122928,101922,7722,4.99
Fort Worth-Arlington-Grapevine,2/1/1999,1285,0.0844,158398095,0.1724,123267,99499,6409,4.19
Fort Worth-Arlington-Grapevine,1/1/1999,1029,0.097,130035759,0.1756,126371,103249,6215,4.08
Fort Worth-Arlington-Grapevine,12/1/1998,1383,0.0352,177563370,0.0723,128390,104214,5650,3.73
Fort Worth-Arlington-Grapevine,11/1/1998,1329,0.1607,164073024,0.2261,123456,101817,5085,3.37
Fort Worth-Arlington-Grapevine,10/1/1998,1404,0.0021,170750268,0.046,121617,104175,5352,3.58
Fort Worth-Arlington-Grapevine,9/1/1998,1496,0.0233,177021680,0.0179,118330,100089,7241,4.84
Fort Worth-Arlington-Grapevine,8/1/1998,1710,0.0094,219721320,0.0895,128492,105093,7246,4.86
Fort Worth-Arlington-Grapevine,7/1/1998,1903,0.1274,243123474,0.2083,127758,102895,7374,4.95
Fort Worth-Arlington-Grapevine,6/1/1998,1902,0.2015,240616314,0.2508,126507,104939,7396,5.02
Fort Worth-Arlington-Grapevine,5/1/1998,1769,0.1304,219065884,0.2193,123836,101791,7392,5.11
Fort Worth-Arlington-Grapevine,4/1/1998,1565,0.2303,181236390,0.2918,115806,96828,7347,5.14
Fort Worth-Arlington-Grapevine,3/1/1998,1586,0.2323,191620520,0.2891,120820,101765,7486,5.33
Fort Worth-Arlington-Grapevine,2/1/1998,1185,0.2179,135100665,0.2367,114009,99936,7408,5.37
Fort Worth-Arlington-Grapevine,1/1/1998,938,0.0984,110612712,0.1426,117924,97483,7413,5.44
Fort Worth-Arlington-Grapevine,12/1/1997,1336,0.2223,165585176,0.3307,123941,99981,7292,5.38
Fort Worth-Arlington-Grapevine,11/1/1997,1145,0.1095,133817295,0.1753,116871,101486,7558,5.66
Fort Worth-Arlington-Grapevine,10/1/1997,1401,0.1773,163237515,0.2716,116515,98006,7881,5.95
Fort Worth-Arlington-Grapevine,9/1/1997,1462,0.2103,173904900,0.3072,118950,98288,8026,6.14
Fort Worth-Arlington-Grapevine,8/1/1997,1694,0.204,201663924,0.2576,119046,98706,8077,6.28
Fort Worth-Arlington-Grapevine,7/1/1997,1688,0.1367,201211288,0.2152,119201,98110,8222,6.51
Fort Worth-Arlington-Grapevine,6/1/1997,1583,0.1101,192369326,0.1678,121522,101391,8284,6.65
Fort Worth-Arlington-Grapevine,5/1/1997,1565,0.0316,179658870,0.0887,114798,96625,8382,6.8
Fort Worth-Arlington-Grapevine,4/1/1997,1272,-0.0842,140301600,-0.0636,110300,92900,8260,6.72
Fort Worth-Arlington-Grapevine,3/1/1997,1287,-0.0092,148647213,0.0085,115499,97729,6232,5.03
Fort Worth-Arlington-Grapevine,2/1/1997,973,-0.0192,109241629,0.0285,112273,94390,6081,4.91
Fort Worth-Arlington-Grapevine,1/1/1997,854,-0.0437,96806878,-0.1081,113357,95716,6051,4.88
Fort Worth-Arlington-Grapevine,12/1/1996,1093,0.0459,124433678,0.0832,113846,93109,6334,5.09
Fort Worth-Arlington-Grapevine,11/1/1996,1032,-0.0436,113854368,-0.0343,110324,92752,6509,5.25
Fort Worth-Arlington-Grapevine,10/1/1996,1190,0.0494,128372440,0.0426,107876,92615,6760,5.43
Fort Worth-Arlington-Grapevine,9/1/1996,1208,-0.0041,133034624,-0.0169,110128,89737,8314,6.71
Fort Worth-Arlington-Grapevine,8/1/1996,1407,-0.0737,160357197,-0.0455,113971,95605,8356,6.74
Fort Worth-Arlington-Grapevine,7/1/1996,1485,0.1165,165577500,0.1283,111500,96628,8481,6.79
Fort Worth-Arlington-Grapevine,6/1/1996,1426,-0.0007,164722964,0.0618,115514,95963,8541,6.91
Fort Worth-Arlington-Grapevine,5/1/1996,1517,0.2224,165028362,0.273,108786,90136,8362,6.76
Fort Worth-Arlington-Grapevine,4/1/1996,1389,0.4246,149825874,0.4869,107866,91116,7694,6.34
Fort Worth-Arlington-Grapevine,3/1/1996,1299,0.1874,147401427,0.3151,113473,97111,7691,6.52
Fort Worth-Arlington-Grapevine,2/1/1996,992,0.2308,106217408,0.2412,107074,91698,9153,7.88
Fort Worth-Arlington-Grapevine,1/1/1996,893,0.3888,108537899,0.65,121543,102043,7288,6.36
Fort Worth-Arlington-Grapevine,12/1/1995,1045,0.1153,114873715,0.1669,109927,93381,7149,6.35
Fort Worth-Arlington-Grapevine,11/1/1995,1079,0.2445,117895856,0.3476,109264,94216,7508,6.72
Fort Worth-Arlington-Grapevine,10/1/1995,1134,0.3005,123131988,0.3714,108582,92414,7626,6.94
Fort Worth-Arlington-Grapevine,9/1/1995,1213,0.2768,135324706,0.4331,111562,93464,7718,7.17
Fort Worth-Arlington-Grapevine,8/1/1995,1519,0.2906,168004438,0.3653,110602,93616,7767,7.36
Fort Worth-Arlington-Grapevine,7/1/1995,1330,0.1833,146744220,0.197,110334,92803,7814,7.61
Fort Worth-Arlington-Grapevine,6/1/1995,1427,0.2584,155142013,0.3211,108719,91975,7905,7.83
Fort Worth-Arlington-Grapevine,5/1/1995,1241,0.1967,129639824,0.25,104464,87982,7962,8.08
Fort Worth-Arlington-Grapevine,4/1/1995,975,-0.025,100763325,0.0035,103347,84302,7969,8.23
Fort Worth-Arlington-Grapevine,3/1/1995,1094,0.0853,112080300,0.1079,102450,86823,8065,8.31
Fort Worth-Arlington-Grapevine,2/1/1995,806,0.1766,85573826,0.2431,106171,89475,8201,8.52
Fort Worth-Arlington-Grapevine,1/1/1995,643,-0.0586,65782115,-0.0503,102305,86173,7938,8.33
Fort Worth-Arlington-Grapevine,12/1/1994,937,-0.1076,98439346,-0.0974,105058,88518,7650,8
Fort Worth-Arlington-Grapevine,11/1/1994,867,-0.1162,87488103,-0.1281,100909,86772,7027,7.28
Fort Worth-Arlington-Grapevine,10/1/1994,872,-0.1493,89788096,-0.1165,102968,87908,7268,7.45
Fort Worth-Arlington-Grapevine,9/1/1994,950,-0.1761,94430000,-0.1519,99400,86505,7374,7.46
Fort Worth-Arlington-Grapevine,8/1/1994,1177,-0.1223,123055350,-0.094,104550,89321,7584,7.55
Fort Worth-Arlington-Grapevine,7/1/1994,1124,-0.1465,122594680,-0.0889,109070,87565,7744,7.6
Fort Worth-Arlington-Grapevine,6/1/1994,1134,-0.148,117433638,-0.2178,103557,87306,7774,7.51
Fort Worth-Arlington-Grapevine,5/1/1994,1037,-0.099,103715555,-0.0828,100015,86655,7774,7.4
Fort Worth-Arlington-Grapevine,4/1/1994,1000,-0.0263,100411000,0.0129,100411,85292,7773,7.33
Fort Worth-Arlington-Grapevine,3/1/1994,1008,0.0307,101163888,0.0641,100361,93567,7614,7.17
Fort Worth-Arlington-Grapevine,2/1/1994,685,-0.0158,68836335,0.1025,100491,86310,7512,7.09
Fort Worth-Arlington-Grapevine,1/1/1994,683,0.0134,69267811,-0.0234,101417,86690,9179,8.65
Fort Worth-Arlington-Grapevine,12/1/1993,1050,0.0067,109058250,0.075,103865,88502,9241,8.72
Fort Worth-Arlington-Grapevine,11/1/1993,981,0.1609,100346490,0.2344,102290,89923,9812,9.26
Fort Worth-Arlington-Grapevine,10/1/1993,1025,0.0589,101629775,0.132,99151,84670,10091,9.62
Fort Worth-Arlington-Grapevine,9/1/1993,1153,0.1911,111348669,0.2018,96573,84161,10134,9.71
Fort Worth-Arlington-Grapevine,8/1/1993,1341,0.2059,135817821,0.1973,101281,87372,10374,10.09
Fort Worth-Arlington-Grapevine,7/1/1993,1317,0.3014,134551305,0.4053,102165,89239,10684,10.59
Fort Worth-Arlington-Grapevine,6/1/1993,1331,0.2122,150128814,0.3827,112794,90756,10658,10.83
Fort Worth-Arlington-Grapevine,5/1/1993,1151,0.0962,113082297,0.1094,98247,85189,10854,11.26
Fort Worth-Arlington-Grapevine,4/1/1993,1027,0.0469,99136310,0.064,96530,85339,10802,11.3
Fort Worth-Arlington-Grapevine,3/1/1993,978,0.0654,95068446,0.042,97207,85218,10641,11.18
Fort Worth-Arlington-Grapevine,2/1/1993,696,-0.0029,62436768,-0.041,89708,78705,10281,10.86
Fort Worth-Arlington-Grapevine,1/1/1993,674,0.1502,70927716,0.3144,105234,91879,9910,10.46
Fort Worth-Arlington-Grapevine,12/1/1992,1043,0.3598,101452610,0.3228,97270,83889,9518,10.13
Fort Worth-Arlington-Grapevine,11/1/1992,845,0.1312,81293225,0.1369,96205,85336,10215,11.14
Fort Worth-Arlington-Grapevine,10/1/1992,968,0.1483,89778128,0.1051,92746,83399,10491,11.54
Fort Worth-Arlington-Grapevine,9/1/1992,968,0.1269,92654056,0.1663,95717,83994,10540,11.73
Fort Worth-Arlington-Grapevine,8/1/1992,1112,0.0221,113438456,0.0702,102013,87197,10769,12.11
Fort Worth-Arlington-Grapevine,7/1/1992,1012,-0.0334,95742284,-0.0402,94607,85050,11022,12.42
Fort Worth-Arlington-Grapevine,6/1/1992,1098,-0.0179,108573534,0.0437,98883,84942,11127,12.5
Fort Worth-Arlington-Grapevine,5/1/1992,1050,-0.0798,101935050,-0.0318,97081,83407,11106,12.45
Fort Worth-Arlington-Grapevine,4/1/1992,981,0.0082,93173418,0.0681,94978,82670,11138,12.38
Fort Worth-Arlington-Grapevine,3/1/1992,918,-0.0397,91233594,0.0472,99383,83043,11168,12.43
Fort Worth-Arlington-Grapevine,2/1/1992,698,0.1009,65108742,0.1239,93279,84621,10896,12.08
Fort Worth-Arlington-Grapevine,1/1/1992,586,-0.1161,53960638,-0.0578,92083,83088,10583,11.8
Fort Worth-Arlington-Grapevine,12/1/1991,767,0.0132,76695398,0.147,99994,83324,10219,11.32
Fort Worth-Arlington-Grapevine,11/1/1991,747,-0.058,71503587,-0.0069,95721,83269,10753,11.92
Fort Worth-Arlington-Grapevine,10/1/1991,843,-0.0152,81239910,0.061,96370,83644,11091,12.24
Fort Worth-Arlington-Grapevine,9/1/1991,859,0.0154,79440320,-0.04,92480,60825,11299,12.46
Fort Worth-Arlington-Grapevine,8/1/1991,1088,-0.0207,106001664,-0.0126,97428,64156,11604,12.81
Fort Worth-Arlington-Grapevine,7/1/1991,1047,-0.0076,99752925,-0.0076,95275,82747,11994,13.21
Fort Worth-Arlington-Grapevine,6/1/1991,1118,0.2126,104024310,0.1664,93045,82253,11895,13.09
Fort Worth-Arlington-Grapevine,5/1/1991,1141,0.2061,105286916,0.2028,92276,78490,12066,13.52
Fort Worth-Arlington-Grapevine,4/1/1991,973,0.1327,87229450,0.0769,89650,77259,12087,13.8
Fort Worth-Arlington-Grapevine,3/1/1991,956,0.046,87119324,0.0454,91129,78252,11910,13.74
Fort Worth-Arlington-Grapevine,2/1/1991,634,-0.0466,57929214,-0.0879,91371,80272,11524,13.35
Fort Worth-Arlington-Grapevine,1/1/1991,663,-0.1597,57270603,-0.2035,86381,75658,11127,12.85
Fort Worth-Arlington-Grapevine,12/1/1990,757,0,66866567,0,88331,77679,10909,12.45
Fort Worth-Arlington-Grapevine,11/1/1990,793,0,71999642,0,90794,80490,11752,13.25
Fort Worth-Arlington-Grapevine,10/1/1990,856,0,76571768,0,89453,78656,11938,13.32
Fort Worth-Arlington-Grapevine,9/1/1990,846,0,82751490,0,97815,80671,12068,13.4
Fort Worth-Arlington-Grapevine,8/1/1990,1111,0,107350375,0,96625,82559,12041,13.27
Fort Worth-Arlington-Grapevine,7/1/1990,1055,0,100518290,0,95278,84186,12119,13.79
Fort Worth-Arlington-Grapevine,6/1/1990,922,0,89184138,0,96729,82084,12096,14.24
Fort Worth-Arlington-Grapevine,5/1/1990,946,0,87535272,0,92532,79829,12048,14.44
Fort Worth-Arlington-Grapevine,4/1/1990,859,0,81002841,0,94299,79955,11955,14.82
Fort Worth-Arlington-Grapevine,3/1/1990,914,0,83338520,0,91180,79786,11844,15.01
Fort Worth-Arlington-Grapevine,2/1/1990,665,0,63508830,0,95502,83217,11573,15.92
Fort Worth-Arlington-Grapevine,1/1/1990,789,0,71901570,0,91130,80542,11714,14.85
